Workbook

Sheet April
I3: Aster | S3: Bloom
C4: CL | D4: GL | E4: MN | F4: OM | G4: VV | H4: HC | I4: SW | J4: ST | K4: SP | L4: SRG | M4: WH | N4: BCM | O4: CPL | P4: MOM | Q4: MIM | R4: SR | S4: BBC | T4: BJP | U4: BMT | V4: BMC | W4: BMR | X4: BRV | Y4: BST | Z4: BGW | AA4: BHR | AB4: BJB | AC4: BLV | AD4: BRC | AE4: BSD | AF4: BCT | AG4: BMS | AH4: IRO | AI4: IAM | AJ4: IAR | AK4: IEM | AL4: ILD | AM4: IPG | AN4: IPH | AO4: ITL | AP4: RBR | AQ4: RGO | AR4: RSM | AS4: RWB | AT4: RWG | AU4: RWH | AV4: RWL | AW4: RWW | AX4: MGS | AY4: MBC | AZ4: MCG | BA4: MQG | BB4: MRG | BC4: MVF
B5: SICK | C5: 2907.44 | D5: 34664.04 | E5: 33569.68 | F5: 3433.25 | G5: 8713.82 | H5: 1931.23 | I5: 23220.9 | J5: 40361.92 | K5: 58959.04 | L5: 13957.49 | M5: 42770.65 | N5: 17695.07 | O5: 3773.78 | P5: 2623.02 | Q5: 10375.57 | R5: 65.48 | S5: 24266.65 | T5: 25841.18 | U5: 15642.77 | V5: 36678.55 | W5: 13795.47 | X5: 13634.46 | Y5: 18758 | Z5: 28390.68 | AA5: 24680.55 | AB5: 17388.66 | AC5: 24198.6 | AD5: 33751.01 | AE5: 3963.18 | AF5: 1388.24 | AG5: 89.09 | AH5: 21774.87 | AI5: 7701.27 | AJ5: 27358.94 | AK5: 14284.62 | AL5: 1940.32 | AM5: 12039.02 | AN5: 5327.87 | AO5: 14658.13 | AP5: 22512.14 | AQ5: 20935 | AR5: 17517.84 | AS5: 30564.07 | AT5: 17411.27 | AU5: 12436.12 | AV5: 14901.12 | AW5: 15911.24 | AX5: 26265.94 | AY5: 12223.18 | AZ5: 17944.83 | BA5: 19810.34 | BB5: 11066.73 | BC5: 15080.25
B6: OT | C6: 425.86 | D6: 16631.41 | E6: 16765.86 | F6: 1441.01 | G6: 9459.56 | H6: 17.69 | I6: 13031.58 | J6: 2369.5 | K6: 21956.2 | L6: 21069.27 | M6: 9610.57 | N6: 46473.98 | O6: 8929.04 | P6: 6063.77 | Q6: 16729.67 | R6: 0 | S6: 14933.3 | T6: 8016.08 | U6: 3671.71 | V6: 10527.52 | W6: 3898.08 | X6: 20240.43 | Y6: 7181.3 | Z6: 131707.67 | AA6: 72545.1 | AB6: 36927.53 | AC6: 50832.9 | AD6: 40389.16 | AE6: 13487.37 | AF6: 0 | AG6: 0 | AH6: 80403.28 | AI6: 10432.81 | AJ6: 105165.54 | AK6: 14132.1 | AL6: 40921.82 | AM6: 27496.8 | AN6: 31843.59 | AO6: 88130.65 | AP6: 65228.87 | AQ6: 147194.64 | AR6: 88654.88 | AS6: 55308.02 | AT6: 47431.29 | AU6: 136503.59 | AV6: 77296.16 | AW6: 68396.83 | AX6: 44658.74 | AY6: 29807.78 | AZ6: 11332.16 | BA6: 30386.4 | BB6: 43046.4 | BC6: 68104.27
B7: Purchased Hours | C7: 38.18 | D7: 25900.87 | E7: 14411.53 | F7: 38.18 | G7: -1356.75 | H7: 423108.47 | I7: 38.18 | J7: 192.18 | K7: 10786.3 | L7: 38.18 | M7: 489.56 | N7: 128313.61 | O7: 144999.11 | P7: 130598 | Q7: 192960.77 | R7: 529241.41 | S7: 42 | T7: 2307.9 | U7: 22144.94 | V7: 38.18 | W7: 38.18 | X7: 2400 | Y7: 375.9 | Z7: 291937.3 | AA7: 190497.19 | AB7: 333411.53 | AC7: 286396.99 | AD7: 92885.18 | AE7: 83497.81 | AF7: 876512.88 | AG7: 908788.74 | AH7: 174592.13 | AI7: 29125.87 | AJ7: 172029.02 | AK7: 1294.84 | AL7: 48674.62 | AM7: 43941.11 | AN7: 57206.25 | AO7: 147032.95 | AP7: 98347.85 | AQ7: 86371.02 | AR7: 184127.84 | AS7: 125795.41 | AT7: 237686.33 | AU7: 143621.39 | AV7: 18830.83 | AW7: 10675.57 | AX7: 279696.95 | AY7: 80309.66 | AZ7: 172370.87 | BA7: 86086.11 | BB7: 263024.39 | BC7: 156201.36
B8: Supplies | C8: 659.9 | D8: 50413.65 | E8: 60313.68 | F8: 1483.49 | G8: 7891.96 | H8: 12485.28 | I8: 39206.13 | J8: 42273.21 | K8: 64643.08 | L8: 782.26 | M8: 40762.74 | N8: 12783.08 | O8: 12977.59 | P8: 12673.31 | Q8: 20630.6 | R8: 10586.18 | S8: 33641.53 | T8: 23659.49 | U8: 30071.29 | V8: 47655.41 | W8: 17201.12 | X8: 18296.63 | Y8: 28610.93 | Z8: 14186.27 | AA8: 17986.11 | AB8: 21384.69 | AC8: 25452.74 | AD8: 26860.3 | AE8: 5880.23 | AF8: 28054.99 | AG8: 25401.9 | AH8: 19953.31 | AI8: 1517.53 | AJ8: 23765.99 | AK8: 5657.13 | AL8: 16756.36 | AM8: 14242.58 | AN8: 6342.71 | AO8: 24382.07 | AP8: 24086.71 | AQ8: 15468.57 | AR8: 20285.62 | AS8: 55867.33 | AT8: 23379.96 | AU8: 20438.3 | AV8: 22051.09 | AW8: 18588.46 | AX8: 42982.85 | AY8: 15885.15 | AZ8: 27399.93 | BA8: 19252.94 | BB8: 15407.93 | BC8: 11046.05
B9: Capex | E9: 8908.2 | I9: 17387.85 | J9: 0 | K9: 22089.32 | L9: 6000.23 | M9: 58066.57 | N9: 116.63 | O9: 0 | P9: 0 | Q9: 2008.75 | R9: 0 | S9: 30048.03 | T9: 15513.8 | U9: 26695.43 | V9: 14074.36 | W9: 6139 | X9: 29394.75 | Y9: 0 | Z9: 55012.62 | AA9: 37798.95 | AB9: 31748.81 | AC9: 5652.02 | AD9: 51975 | AE9: 0 | AF9: 2098.73 | AG9: 6666.24 | AH9: 51120.46 | AI9: -15142 | AJ9: 9699.36 | AK9: 5294.25 | AL9: 18306 | AM9: 5040.69 | AN9: 0 | AO9: 82809.35 | AP9: 13272.48 | AQ9: 4586.76 | AR9: 2378.91 | AS9: 0 | AT9: 7472.31 | AU9: 9040.17 | AV9: 24935.27 | AW9: 43710.34
AG10: old supplies (before replacing) | AH10: 26967.32 | AI10: 31942.22 | AJ10: 96014.32 | AK10: 2385.35 | AL10: 41533.36 | AM10: 34417.95 | AN10: 90754.17 | AO10: 8932.02 | AP10: 72680.55 | AQ10: 21624.57 | AR10: 18234.06 | AS10: 54570.74 | AT10: 17420.9 | AU10: 57049.67 | AV10: 9031.19 | AW10: 41629.84 | AX10: 31597.88 | AY10: 81825.46 | AZ10: 23140.3 | BA10: 94515.33 | BB10: 28474.36 | BC10: 38689.83
B12: MAY BUDGET | I12: SW | J12: ST | K12: SP | L12: SRG | M12: WH | N12: BCM | O12: CPL | P12: MOM | Q12: MIM | R12: SR | S12: BBC | T12: BJP | U12: BMT | V12: BMC | W12: BMR | X12: BRV | Y12: BST | Z12: BGW | AA12: BHR | AB12: BJB | AC12: BLV | AD12: BRC | AE12: BSD | AF12: BCT | AG12: BMS | AH12: IRO | AI12: IAM | AJ12: IAR | AK12: IEM | AL12: ILD | AM12: IPG | AN12: IPH | AO12: ITL | AP12: RBR | AQ12: RGO | AR12: RSM | AS12: RWB | AT12: RWG | AU12: RWH | AV12: RWL | AW12: RWW | AX12: MGS | AY12: MBC | AZ12: MCG | BA12: MQG | BB12: MRG | BC12: MVF
B13: Sick Time | I13: 21021.86 | J13: 40448.18 | K13: 65337.05 | L13: 10511.57 | M13: 38810.43 | N13: 16707.57 | O13: 9379.74 | P13: 7748.66 | Q13: 18825.58 | R13: 254.44 | S13: 11310.16 | T13: 9586.65 | U13: 14113.17 | V13: 14721.61 | W13: 8606.77 | X13: 10127.77 | Y13: 12218.69 | Z13: 9765.52 | AA13: 10089.3 | AB13: 8808.86 | AC13: 15054.47 | AD13: 16466.09 | AE13: 3488.11 | AF13: 0 | AG13: 396.88 | AH13: 17526.42 | AI13: 5444.33 | AJ13: 21775.42 | AK13: 4159.02 | AL13: 10999.34 | AM13: 11199.91 | AN13: 7037.05 | AO13: 19284.59 | AP13: 18562.96 | AQ13: 19375.83 | AR13: 19815.58 | AS13: 21395.58 | AT13: 18993.64 | AU13: 19762.51 | AV13: 17364.79 | AW13: 17258.06 | AX13: 17381.56 | AY13: 10742.43 | AZ13: 18566.87 | BA13: 14524.42 | BB13: 16159.21 | BC13: 18529.23
B14: Overtime | I14: 4245.7 | J14: 2169.3 | K14: 6839.54 | L14: 3191.28 | M14: 4191.48 | N14: 31844.78 | O14: 5222.52 | P14: 7603.66 | Q14: 31531.23 | R14: 0 | S14: 3633.07 | T14: 6938.04 | U14: 1990.48 | V14: 2317.3 | W14: 2845.05 | X14: 3575.56 | Y14: 2270.6 | Z14: 67233.77 | AA14: 57108.84 | AB14: 26030.81 | AC14: 38745.96 | AD14: 49773.42 | AE14: 8191.55 | AF14: 0 | AG14: 0 | AH14: 0 | AI14: 0 | AJ14: 0 | AK14: 0 | AL14: 0 | AM14: 0 | AN14: 0 | AO14: 0 | AP14: 0 | AQ14: 0 | AR14: 0 | AS14: 0 | AT14: 0 | AU14: 0 | AV14: 0 | AW14: 0 | AX14: 0 | AY14: 0 | AZ14: 0 | BA14: 0 | BB14: 0 | BC14: 0
B15: Purchased Hours | I15: 0 | J15: 1600 | K15: 2695 | L15: 1600 | M15: 1666.63 | N15: 92379.84 | O15: 136332.82 | P15: 83029.69 | Q15: 240875.01 | R15: 510385.96 | S15: 0 | T15: 0 | U15: 0 | V15: 0 | W15: 0 | X15: 4800 | Y15: 0 | Z15: 87858.8 | AA15: 135815.16 | AB15: 188960.28 | AC15: 229853.24 | AD15: 60703.7 | AE15: 75019.82 | AF15: 792281.5 | AG15: 901623.09 | AH15: 0 | AI15: 0 | AJ15: 0 | AK15: 0 | AL15: 0 | AM15: 0 | AN15: 0 | AO15: 0 | AP15: 0 | AQ15: 0 | AR15: 0 | AS15: 0 | AT15: 0 | AU15: 0 | AV15: 0 | AW15: 0 | AX15: 0 | AY15: 0 | AZ15: 0 | BA15: 0 | BB15: 0 | BC15: 0
B16: SUPPLIES | I16: 24869.91 | J16: 33563.83 | K16: 61725.96 | L16: 3825.33 | M16: 37726.7 | N16: 19171.1 | O16: 13282.14 | P16: 8871.63 | Q16: 24761.1 | R16: 18209.52 | S16: 34578.26 | T16: 27391.97 | U16: 38576.51 | V16: 43429.81 | W16: 18769.68 | X16: 19708.08 | Y16: 30371.19 | Z16: 17085.62 | AA16: 21612.03 | AB16: 19504.32 | AC16: 26990.32 | AD16: 25936.29 | AE16: 7140.83 | AF16: 18125.34 | AG16: 25456.18 | AH16: 15314.05 | AI16: 18418.3 | AJ16: 73673.22 | AK16: 6140.88 | AL16: 24563.51 | AM16: 11525.32 | AN16: 57692.1 | AO16: 1835.48 | AP16: 61256.21 | AQ16: 9177.39 | AR16: 9716.95 | AS16: 38867.8 | AT16: 9124.32 | AU16: 36497.27 | AV16: 8326.26 | AW16: 33305.01 | AX16: 26057.68 | AY16: 104230.73 | AZ16: 18584.49 | BA16: 74337.95 | BB16: 13518.64 | BC16: 54074.53
I17: 36241.57 | J17: 20072.88 | K17: 31398.09 | L17: 73688.67 | M17: 60839.2 | N17: 0 | O17: 0 | P17: 0 | Q17: 71366.26 | R17: 8321.88 | S17: 44739.4 | T17: 24536.8 | U17: 167467.04 | V17: 63581.11 | W17: 24742.2 | X17: 33710.58 | Y17: 24973.49 | Z17: 9185.84 | AA17: 39911.61 | AB17: 26150 | AC17: 225384.81 | AD17: 56525 | AE17: 11990 | AF17: 0 | AG17: 0 | AH17: 67838.64 | AI17: 38750 | AJ17: 637.31 | AK17: 10074.73 | AL17: 14569.33 | AM17: 12109.98 | AN17: 6400 | AO17: 88348.65 | AP17: 1695 | AQ17: 22889.89 | AR17: 17461.04 | AS17: 50000 | AT17: 54221.35 | AU17: 46136.05 | AV17: 3281.7 | AW17: 52888.7
I19: SW | J19: ST | K19: SP | L19: SRG | M19: WH | N19: BCM | O19: CPL | P19: MOM | Q19: MIM | R19: SR | S19: BBC | T19: BJP | U19: BMT | V19: BMC | W19: BMR | X19: BRV | Y19: BST | Z19: BGW | AA19: BHR | AB19: BJB | AC19: BLV | AD19: BRC | AE19: BSD | AF19: BCT | AG19: BMS | AH19: IRO | AI19: IAM | AJ19: IAR | AK19: IEM | AL19: ILD | AM19: IPG | AN19: IPH | AO19: ITL | AP19: RBR | AQ19: RGO | AR19: RSM | AS19: RWB | AT19: RWG | AU19: RWH | AV19: RWL | AW19: RWW | AX19: MGS | AY19: MBC | AZ19: MCG | BA19: MQG | BB19: MRG | BC19: MVF
B20: SICK | I20: -2199.04 | J20: 86.26 | K20: 6378.01 | L20: -3445.92 | M20: -3960.22 | N20: -987.5 | O20: 5605.96 | P20: 5125.64 | Q20: 8450.01 | R20: 188.96 | S20: -12956.49 | T20: -16254.53 | U20: -1529.6 | V20: -21956.94 | W20: -5188.7 | X20: -3506.69 | Y20: -6539.31 | Z20: -18625.16 | AA20: -14591.25 | AB20: -8579.8 | AC20: -9144.13 | AD20: -17284.92 | AE20: -475.07 | AF20: -1388.24 | AG20: 307.79 | AH20: -4248.45 | AI20: -2256.94 | AJ20: -5583.52 | AK20: -10125.6 | AL20: 9059.02 | AM20: -839.11 | AN20: 1709.18 | AO20: 4626.46 | AP20: -3949.18 | AQ20: -1559.17 | AR20: 2297.74 | AS20: -9168.49 | AT20: 1582.37 | AU20: 7326.39 | AV20: 2463.67 | AW20: 1346.82 | AX20: -8884.38 | AY20: -1480.75 | AZ20: 622.04 | BA20: -5285.92 | BB20: 5092.48 | BC20: 3448.98
B21: OT | I21: -8785.88 | J21: -200.2 | K21: -15116.66 | L21: -17877.99 | M21: -5419.09 | N21: -14629.2 | O21: -3706.52 | P21: 1539.89 | Q21: 14801.56 | R21: 0 | S21: -11300.23 | T21: -1078.04 | U21: -1681.23 | V21: -8210.22 | W21: -1053.03 | X21: -16664.87 | Y21: -4910.7 | Z21: -64473.9 | AA21: -15436.26 | AB21: -10896.72 | AC21: -12086.94 | AD21: 9384.26 | AE21: -5295.82 | AF21: 0 | AG21: 0 | AH21: -80403.28 | AI21: -10432.81 | AJ21: -105165.54 | AK21: -14132.1 | AL21: -40921.82 | AM21: -27496.8 | AN21: -31843.59 | AO21: -88130.65 | AP21: -65228.87 | AQ21: -147194.64 | AR21: -88654.88 | AS21: -55308.02 | AT21: -47431.29 | AU21: -136503.59 | AV21: -77296.16 | AW21: -68396.83 | AX21: -44658.74 | AY21: -29807.78 | AZ21: -11332.16 | BA21: -30386.4 | BB21: -43046.4 | BC21: -68104.27
B22: Purchased Hours | I22: -38.18 | J22: 1407.82 | K22: -8091.3 | L22: 1561.82 | M22: 1177.07 | N22: -35933.77 | O22: -8666.29 | P22: -47568.31 | Q22: 47914.24 | R22: -18855.45 | S22: -42 | T22: -2307.9 | U22: -22144.94 | V22: -38.18 | W22: -38.18 | X22: 2400 | Y22: -375.9 | Z22: -204078.5 | AA22: -54682.03 | AB22: -144451.25 | AC22: -56543.75 | AD22: -32181.48 | AE22: -8477.99 | AF22: -84231.38 | AG22: -7165.65 | AH22: -174592.13 | AI22: -29125.87 | AJ22: -172029.02 | AK22: -1294.84 | AL22: -48674.62 | AM22: -43941.11 | AN22: -57206.25 | AO22: -147032.95 | AP22: -98347.85 | AQ22: -86371.02 | AR22: -184127.84 | AS22: -125795.41 | AT22: -237686.33 | AU22: -143621.39 | AV22: -18830.83 | AW22: -10675.57 | AX22: -279696.95 | AY22: -80309.66 | AZ22: -172370.87 | BA22: -86086.11 | BB22: -263024.39 | BC22: -156201.36
B23: Supplies | I23: -14336.22 | J23: -8709.38 | K23: -2917.12 | L23: 3043.07 | M23: -3036.04 | N23: 6388.02 | O23: 304.55 | P23: -3801.68 | Q23: 4130.5 | R23: 7623.34 | S23: 936.73 | T23: 3732.48 | U23: 8505.22 | V23: -4225.6 | W23: 1568.56 | X23: 1411.45 | Y23: 1760.26 | Z23: 2899.35 | AA23: 3625.92 | AB23: -1880.37 | AC23: 1537.58 | AD23: -924.01 | AE23: 1260.6 | AF23: -9929.65 | AG23: 54.28 | AH23: -4639.26 | AI23: 16900.77 | AJ23: 49907.23 | AK23: 483.75 | AL23: 7807.15 | AM23: -2717.26 | AN23: 51349.39 | AO23: -22546.59 | AP23: 37169.5 | AQ23: -6291.18 | AR23: -10568.67 | AS23: -16999.53 | AT23: -14255.64 | AU23: 16058.97 | AV23: -13724.83 | AW23: 14716.55 | AX23: -16925.17 | AY23: 88345.58 | AZ23: -8815.44 | BA23: 55085.01 | BB23: -1889.29 | BC23: 43028.48
I24: 18853.72 | J24: 20072.88 | K24: 9308.77 | L24: 67688.44 | M24: 2772.63 | N24: -116.63 | O24: 0 | P24: 0 | Q24: 69357.51 | R24: 8321.88 | S24: 14691.37 | T24: 9023 | U24: 140771.61 | V24: 49506.75 | W24: 18603.2 | X24: 4315.83 | Y24: 24973.49 | Z24: -45826.78 | AA24: 2112.66 | AB24: -5598.81 | AC24: 219732.79 | AD24: 4550 | AE24: 11990 | AF24: -2098.73 | AG24: -6666.24 | AH24: 16718.18 | AI24: 53892 | AJ24: -9062.05 | AK24: 4780.48 | AL24: -3736.67 | AM24: 7069.29 | AN24: 6400 | AO24: 5539.3 | AP24: -11577.48 | AQ24: 18303.13 | AR24: 15082.13 | AS24: 50000 | AT24: 46749.04 | AU24: 37095.88 | AV24: -21653.57 | AW24: 9178.36
AG27: 1% OT | AH27: 6337.7573 | AI27: 2432.9192 | AJ27: 7535.3129 | AK27: 1625.311 | AL27: 3955.1171 | AM27: 3982.8306 | AN27: 2561.7395 | AO27: 6871.4082 | AP27: 7430.4528 | AQ27: 6873.8416 | AR27: 7005.7132 | AS27: 7637.818 | AT27: 6773.2563 | AU27: 7987.8998 | AV27: 6051.3249 | AW27: 6842.548 | AX27: 6715.7963 | AY27: 3885.7758 | AZ27: 8173.9781 | BA27: 5277.1838 | BB27: 5724.5162 | BC27: 6644.121
AG28: Variance | AH28: -74065.523 | AI28: -7999.8908 | AJ28: -97630.227 | AK28: -12506.789 | AL28: -36966.703 | AM28: -23513.969 | AN28: -29281.85 | AO28: -81259.242 | AP28: -57798.417 | AQ28: -140320.8 | AR28: -81649.167 | AS28: -47670.202 | AT28: -40658.034 | AU28: -128515.69 | AV28: -71244.835 | AW28: -61554.282 | AX28: -37942.944 | AY28: -25922.004 | AZ28: -3158.1819 | BA28: -25109.216 | BB28: -37321.884 | BC28: -61460.149
C31: Site Code | D31: 45777 | E31: April Budget (as of March) | F31: YTD Totals | G31: 45778
B32: Aster | D32: 105669.35 | E32: 301928.55 | F32: 309442.95 | G32: 181292.42 | K32: 309442.95
B33: AgeCare Brandt's Creek Mews | C33: BCM | D33: 116.63 | E33: 0 | G33: -116.63 | K33: 847283.99
B34: AgeCare Cariboo Place | C34: CPL | D34: 0 | E34: 0 | G34: 0 | K34: 269956.4
B35: AgeCare Monashee Mews | C35: MOM | D35: 0 | E35: 0 | G35: 3040.3 | K35: 338692.64
B36: AgeCare Mount Ida Mews | C36: MIM | D36: 2008.75 | E36: 71366.26 | G36: 31112.31
B37: AgeCare Sun Rivers | C37: SR | D37: 0 | E37: 8321.88 | G37: 8321.88
B38: AgeCare Sagewood | C38: SW | D38: 17387.85 | E38: 36241.57 | G38: 33844.65
B39: AgeCare Seton | C39: ST | D39: 0 | E39: 20072.88 | G39: 41904.4
B40: AgeCare SkyPointe | C40: SP | D40: 22089.32 | E40: 31398.09 | G40: 15015.54
B41: AgeCare Sunrise Gardens | C41: SRG | D41: 6000.23 | E41: 73688.67 | G41: 20752.07
B42: AgeCare Walden Heights | C42: WH | D42: 58066.57 | E42: 60839.2 | G42: 27417.9
B43: Bloom | D43: 312817.74 | E43: 752897.88 | F43: 847283.99 | G43: 1158052.2
B44: AgeCare Bow Crest | C44: BBC | D44: 30048.03 | E44: 44739.4 | G44: 10809.15
B45: AgeCare Jasper Place | C45: BJP | D45: 15513.8 | E45: 24536.8 | G45: 12900
B46: AgeCare McKenzie Towne | C46: BMT | D46: 26695.43 | E46: 167467.04 | G46: 303305.14
B47: AgeCare Miller Crossing | C47: BMC | D47: 14074.36 | E47: 63581.11 | G47: 53506.75
B48: AgeCare Mount Royal | C48: BMR | D48: 6139 | E48: 24742.2 | G48: 22338.5 | K48: 105669.35 | L48: 301928.55
B49: AgeCare Riverview | C49: BRV | D49: 29394.75 | E49: 33710.58 | G49: 8810 | K49: 312817.74 | L49: 752897.88
B50: AgeCare South Terrace | C50: BST | D50: 0 | E50: 24973.49 | G50: 27216.37 | K50: 157128.11 | L50: 238728.64
B51: AgeCare Carlton | C51: BCT | D51: 2098.73 | E51: 0 | G51: 0 | K51: 105396.24 | L51: 248573.73
B52: AgeCare Glenwarren | C52: BGW | D52: 55012.62 | E52: 9185.84 | G52: 12003.84
B53: AgeCare Holyrood | C53: BHR | D53: 37798.95 | E53: 39911.61 | G53: 55509.62
B54: AgeCare James Bay | C54: BJB | D54: 31748.81 | E54: 26150 | G54: 33678.61
B55: AgeCare Lakeview | C55: BLV | D55: 5652.02 | E55: 225384.81 | G55: 278207.26
B56: AgeCare Malaspina | C56: BMS | D56: 6666.24 | E56: 0 | G56: 0
B57: AgeCare Royal City | C57: BRC | D57: 51975 | E57: 56525 | G57: 326920
B58: AgeCare Sandringham | C58: BSD | D58: 0 | E58: 11990 | G58: 12846.92
B59: Total for IRIS | D59: 157128.11 | E59: 238728.64 | F59: 269956.4 | G59: 388255.87
B60: Aurora (IAR) | C60: IAR | D60: 9699.36 | E60: 637.31 | G60: 29599.16
B61: Aylmer (IAM) | C61: IAM | D61: -15142 | E61: 38750 | G61: 48137.5
B62: Elmira (IEM) | C62: IEM | D62: 5294.25 | E62: 10074.73 | G62: 6780.48
B63: London (ILD) | C63: ILD | D63: 18306 | E63: 14569.33 | G63: 5350.32
B64: Parkhill (IPH) | C64: IPH | D64: 0 | E64: 6400 | G64: 3463.86
B65: Pine Grove (IPG) | C65: IPG | D65: 5040.69 | E65: 12109.98 | G65: 17664.27
B66: Royal Oak (IRO) | C66: IRO | D66: 51120.46 | E66: 67838.64 | G66: 202124.16
B67: Trilogy (ITL) | C67: ITL | D67: 82809.35 | E67: 88348.65 | G67: 75136.12
B68: Total for REGENCY | D68: 105396.24 | E68: 248573.73 | F68: 338692.64 | G68: 798355.26
B69: Brant (RBR) | C69: RBR | D69: 13272.48 | E69: 1695 | G69: 196753.06
B70: Glen Oaks (RGO) | C70: RGO | D70: 4586.76 | E70: 22889.89 | G70: 165952.96
B71: Wenleigh (RWL) | C71: RWL | D71: 24935.27 | E71: 3281.7 | G71: 2986.08
B72: Westbury (RWB) | C72: RWB | D72: 0 | E72: 50000 | G72: 66055.04
B73: West Williams (RWW) | C73: RWW | D73: 43710.34 | E73: 52888.7 | G73: 80710.37
B74: Willowgrove (RWG) | C74: RWG | D74: 7472.31 | E74: 54221.35 | G74: 186681.99
B75: Woodhaven (RWH) | C75: RWH | D75: 9040.17 | E75: 46136.05 | G75: 12289.5
B76: Samac (RSM) | C76: RSM | D76: 2378.91 | E76: 17461.04 | G76: 86926.26

Sheet May
D2: CL | E2: GL | F2: MN | G2: OM | H2: VV | I2: HC | J2: SW | K2: ST | L2: SP | M2: SG | N2: WH | O2: BCM | P2: CPL | Q2: MOM | R2: MIM | S2: SR | T2: BBC | U2: BJP | V2: BMT | W2: BMC | X2: BMR | Y2: BRV | Z2: BST | AA2: BGW | AB2: BHR | AC2: BJB | AD2: BLV | AE2: BRC | AF2: BSD | AG2: BCT | AH2: BMS | AI2: IAM | AJ2: IAR | AK2: IEM | AL2: ILD | AM2: IPG | AN2: IPH | AO2: IRO | AP2: ITL | AQ2: RBR | AR2: RGO | AS2: RSM | AT2: RWB | AU2: RWG | AV2: RWH | AW2: RWL | AX2: RWW | AY2: MGS | AZ2: MBC | BA2: MCG | BB2: MQG | BC2: MRG | BD2: MVF
C3: Sick Time | D3: 4753.39 | E3: 51252.47 | F3: 68984.46 | G3: 3127.01 | H3: 11293.93 | I3: 1973.67 | J3: 19996.69 | K3: 46884.15 | L3: 70949.45 | M3: 10863.44 | N3: 37170.18 | O3: 12658.78 | P3: 4111.57 | Q3: 5024.14 | R3: 13474.31 | S3: 19.06 | T3: 22005.33 | U3: 19469.62 | V3: 12557.21 | W3: 27165.42 | X3: 10181.32 | Y3: 15000.2 | Z3: 17689.1 | AA3: 24336.35 | AB3: 15778.41 | AC3: 12649.58 | AD3: 39582.06 | AE3: 27320.54 | AF3: 7344.08 | AG3: 976.46 | AH3: 25.87 | AI3: 6481.26 | AJ3: 32669.34 | AK3: 12115.33 | AL3: 6236.62 | AM3: 8640.38 | AN3: 3977.41 | AO3: 21934.52 | AP3: 19559.69 | AQ3: 21096.93 | AR3: 27903.96 | AS3: 15294.09 | AT3: 37345.64 | AU3: 21163.6 | AV3: 22164.6 | AW3: 19800.31 | AX3: 18984.67 | AY3: 24458.7 | AZ3: 16562.99 | BA3: 17521.38 | BB3: 22031.18 | BC3: 15362.49 | BD3: 25883.81
C4: Overtime | D4: 764.08 | E4: 9152.24 | F4: 13026.03 | G4: 1079.57 | H4: 5308.1 | I4: 11.97 | J4: 8367.96 | K4: 3431.47 | L4: 27303.1 | M4: 11757.22 | N4: 12132.93 | O4: 43212.55 | P4: 14650.32 | Q4: 5456.53 | R4: 34874.25 | S4: 0 | T4: 32319.15 | U4: 8014.06 | V4: 4899.7 | W4: 6674.38 | X4: 4210.25 | Y4: 33441.27 | Z4: 4881.74 | AA4: 117170.52 | AB4: 86587.54 | AC4: 34723.75 | AD4: 64558.78 | AE4: 31748.12 | AF4: 12523.56 | AG4: 0 | AH4: 0 | AI4: 15490.4 | AJ4: 172931.21 | AK4: 19683.92 | AL4: 26396.91 | AM4: 28778.99 | AN4: 32192.65 | AO4: 105365.7 | AP4: 107817.43 | AQ4: 40036.21 | AR4: 156809.53 | AS4: 113484.74 | AT4: 60844.57 | AU4: 61513.54 | AV4: 145485.37 | AW4: 58199.06 | AX4: 77643.53 | AY4: 49935.67 | AZ4: 21040.74 | BA4: 14076.78 | BB4: 56221.92 | BC4: 59623.28 | BD4: 63091.55
C5: Purchased Hours | D5: 0 | E5: 34640.21 | F5: 22988 | G5: 0 | H5: -4871.46 | I5: 450009.46 | J5: 0 | K5: 816.25 | L5: 2163.2 | M5: 0 | N5: 9665.5 | O5: 75020.84 | P5: 182901.77 | Q5: 118883.16 | R5: 132128.82 | S5: 508020.42 | T5: 353.27 | U5: 0 | V5: 28299.37 | W5: 0 | X5: 0 | Y5: 0 | Z5: 0 | AA5: 140251.31 | AB5: 122349.08 | AC5: 170250.61 | AD5: 254388.66 | AE5: -23907.61 | AF5: 74459.26 | AG5: 761754.86 | AH5: 850094.45 | AI5: 42525.64 | AJ5: 181693.4 | AK5: 15613.9 | AL5: 14758.8 | AM5: 62952.36 | AN5: 41336.79 | AO5: 277293.94 | AP5: 248359.75 | AQ5: 76115.11 | AR5: 95893.71 | AS5: 201454.46 | AT5: 300157.07 | AU5: 150144.03 | AV5: 62863.42 | AW5: 37633.84 | AX5: 125153.58 | AY5: 208711.52 | AZ5: 79802.92 | BA5: 157893.04 | BB5: 85359.2 | BC5: 26073.26 | BD5: 268942.22
C6: Supplies | D6: 542.9 | E6: 44271.99 | F6: 54321.01 | G6: 1244.08 | H6: 9075.27 | I6: 15975.92 | J6: 29411.66 | K6: 33865.98 | L6: 53985.53 | M6: 2763.87 | N6: 55104.62 | O6: 14018.12 | P6: 7598.31 | Q6: 7088.72 | R6: 17555.02 | S6: 8101.57 | T6: 26779.56 | U6: 25517.95 | V6: 33981.06 | W6: 39907.33 | X6: 15823.32 | Y6: 19205.05 | Z6: 30393.2 | AA6: 36322.96 | AB6: 22654.58 | AC6: 16642.92 | AD6: 30874.95 | AE6: 35273.58 | AF6: 4085.88 | AG6: 15573.51 | AH6: 21466.57 | AI6: 10840.79 | AJ6: 13051.37 | AK6: 11233.55 | AL6: 20388.81 | AM6: 23082.37 | AN6: 5599.39 | AO6: 19489.41 | AP6: 16987.87 | AQ6: 12208.24 | AR6: 23077.64 | AS6: 10723 | AT6: 21867.53 | AU6: 27367.47 | AV6: 21801.6 | AW6: 26610.62 | AX6: 25620.21 | AY6: 6775.72 | AZ6: 5595.3 | BA6: 29220.66 | BB6: 26629.87 | BC6: 24153.94 | BD6: 19968.18
C7: CapEx | J7: 0.23299043 | K7: 0.14282416 | L7: 0.64952452 | M7: 0.056791606 | N7: 0.52289607 | O7: N/A | P7: N/A | Q7: 1.4792433 | R7: 0.36997038 | S7: N/A | T7: 0.35560193 | U7: 0.49144875 | V7: 0.19598233 | W7: 0.77062624 | X7: 0.12989222 | Y7: 0.092235566 | Z7: 0.14648557 | AA7: 0.4599947 | AB7: 0.81451148 | AC7: 2.3882986 | AD7: 0.79245019 | AE7: 0.080896622 | AF7: 0.23646502 | AG7: 0.5381359 | AH7: 1.4933947 | AI7: 0.17439662 | AJ7: 0.39247329 | AK7: 0.18230042 | AL7: 0.1456589 | AM7: 0.030531133 | AN7: 0.17505338 | AO7: 0.63366834 | AP7: 0.15879722 | AQ7: 0.099469431 | AR7: 0.51617458 | AS7: 0.36957823 | AT7: 0.11911727 | AU7: 0.081010924 | AV7: 0.1624677 | AW7: 0.42383455 | AX7: 0.062412483
C8: **Check June File to alter May for ACIL
C10: MAY BUDGET | J10: SW | K10: ST | L10: SP | M10: SG | N10: WH | O10: BCM | P10: CPL | Q10: MOM | R10: MIM | S10: SR | T10: BBC | U10: BJP | V10: BMT | W10: BMC | X10: BMR | Y10: BRV | Z10: BST | AA10: BGW | AB10: BHR | AC10: BJB | AD10: BLV | AE10: BRC | AF10: BSD | AG10: BCT | AH10: BMS | AI10: IAM | AJ10: IAR | AK10: IEM | AL10: ILD | AM10: IPG | AN10: IPH | AO10: IRO | AP10: ITL | AQ10: RBR | AR10: RGO | AS10: RSM | AT10: RWB | AU10: RWG | AV10: RWH | AW10: RWL | AX10: RWW | AY10: MGS | AZ10: MBC | BA10: MCG | BB10: MQG | BC10: MRG | BD10: MVF
C11: Sick Time | J11: 21021.86 | K11: 40448.18 | L11: 65337.05 | M11: 10511.57 | N11: 38810.43 | O11: 16707.57 | P11: 9379.74 | Q11: 7748.66 | R11: 18825.58 | S11: 254.44 | T11: 11310.16 | U11: 9586.65 | V11: 14113.17 | W11: 14721.61 | X11: 8606.77 | Y11: 10127.77 | Z11: 12218.69 | AA11: 9765.52 | AB11: 10089.3 | AC11: 8808.86 | AD11: 15054.47 | AE11: 16466.09 | AF11: 3488.11 | AG11: 0 | AH11: 396.88 | AI11: 7290.23 | AJ11: 27548.18 | AK11: 6774.33 | AL11: 13479.58 | AM11: 14337.59 | AN11: 9087.21 | AO11: 21910.61 | AP11: 24750.4 | AQ11: 22268.18 | AR11: 23288.18 | AS11: 23793.71 | AT11: 25908.84 | AU11: 22294.37 | AV11: 24091.96 | AW11: 21525.79 | AX11: 21110.22 | AY11: 22259.65 | AZ11: 13502.4 | BA11: 24276.71 | BB11: 18427.7 | BC11: 19970.14 | BD11: 22812.16
C12: Overtime | J12: 4245.7 | K12: 2169.3 | L12: 6839.54 | M12: 3191.28 | N12: 4191.48 | O12: 31844.78 | P12: 5222.52 | Q12: 7603.66 | R12: 31531.23 | S12: 0 | T12: 3633.07 | U12: 6938.04 | V12: 1990.48 | W12: 2317.3 | X12: 2845.05 | Y12: 3575.56 | Z12: 2270.6 | AA12: 67233.77 | AB12: 57108.84 | AC12: 26030.81 | AD12: 38745.96 | AE12: 49773.42 | AF12: 8191.55 | AG12: 0 | AH12: 0 | AI12: 9835.6658 | AJ12: 27464.906 | AK12: 3172.0654 | AL12: 14816.888 | AM12: 14351.577 | AN12: 9502.4376 | AO12: 22657.925 | AP12: 27535.133 | AQ12: 25206.087 | AR12: 24046.045 | AS12: 24167.875 | AT12: 27445.399 | AU12: 24000.94 | AV12: 27530.492 | AW12: 23750.974 | AX12: 23582.001 | AY12: 24319.431 | AZ12: 14625.571 | BA12: 28879.669 | BB12: 18836.091 | BC12: 19184.422 | BD12: 23865.757
C13: Purchased Hours | J13: 0 | K13: 1600 | L13: 2695 | M13: 1600 | N13: 1666.63 | O13: 92379.84 | P13: 136332.82 | Q13: 83029.69 | R13: 240875.01 | S13: 510385.96 | T13: 0 | U13: 0 | V13: 0 | W13: 0 | X13: 0 | Y13: 4800 | Z13: 0 | AA13: 87858.8 | AB13: 135815.16 | AC13: 188960.28 | AD13: 229853.24 | AE13: 60703.7 | AF13: 75019.82 | AG13: 792281.5 | AH13: 901623.09 | AI13: 7638.63 | AJ13: 34110.38 | AK13: 5558.83 | AL13: 11721.37 | AM13: 12080.11 | AN13: 7880.26 | AO13: 28238.23 | AP13: 24400.29 | AQ13: 21499 | AR13: 21546 | AS13: 20924.1 | AT13: 26061.41 | AU13: 26703.97 | AV13: 23695.14 | AW13: 22034.68 | AX13: 19403.98 | AY13: 25767.69 | AZ13: 12017.71 | BA13: 30987.45 | BB13: 16214.02 | BC13: 15881.28 | BD13: 20001.02
C14: SUPPLIES | J14: 24869.91 | K14: 33563.83 | L14: 61725.96 | M14: 3825.33 | N14: 37726.7 | O14: 19171.1 | P14: 13282.14 | Q14: 8871.63 | R14: 24761.1 | S14: 18209.52 | T14: 34578.26 | U14: 27391.97 | V14: 38576.51 | W14: 43429.81 | X14: 18769.68 | Y14: 19708.08 | Z14: 30371.19 | AA14: 17085.62 | AB14: 21612.03 | AC14: 19504.32 | AD14: 26990.32 | AE14: 25936.29 | AF14: 7140.83 | AG14: 18125.34 | AH14: 25456.18 | AI14: 3741.33 | AJ14: 6382.28 | AK14: 1303.62 | AL14: 6059.64 | AM14: 5405.13 | AN14: 5817.28 | AO14: 9421.45 | AP14: 18648.33 | AQ14: 11129.63 | AR14: 11923.27 | AS14: 6892.44 | AT14: 13066.56 | AU14: 13156.58 | AV14: 13819.79 | AW14: 9766.11 | AX14: 9646.8 | AY14: 18392.94 | AZ14: 15221.43 | BA14: 21799.04 | BB14: 14532.7 | BC14: 14532.7 | BD14: 18165.87
C17: Variance | J17: SW | K17: ST | L17: SP | M17: SG | N17: WH | O17: BCM | P17: CPL | Q17: MOM | R17: MIM | S17: SR | T17: BBC | U17: BJP | V17: BMT | W17: BMC | X17: BMR | Y17: BRV | Z17: BST | AA17: BGW | AB17: BHR | AC17: BJB | AD17: BLV | AE17: BRC | AF17: BSD | AG17: BCT | AH17: BMS | AI17: IAM | AJ17: IAR | AK17: IEM | AL17: ILD | AM17: IPG | AN17: IPH | AO17: IRO | AP17: ITL | AQ17: RBR | AR17: RGO | AS17: RSM | AT17: RWB | AU17: RWG | AV17: RWH | AW17: RWL | AX17: RWW | AY17: MGS | AZ17: MBC | BA17: MCG | BB17: MQG | BC17: MRG | BD17: MVF
C18: Sick Time | J18: 1025.17 | K18: -6435.97 | L18: -5612.4 | M18: -351.87 | N18: 1640.25 | O18: 4048.79 | P18: 5268.17 | Q18: 2724.52 | R18: 5351.27 | S18: 235.38 | T18: -10695.17 | U18: -9882.97 | V18: 1555.96 | W18: -12443.81 | X18: -1574.55 | Y18: -4872.43 | Z18: -5470.41 | AA18: -14570.83 | AB18: -5689.11 | AC18: -3840.72 | AD18: -24527.59 | AE18: -10854.45 | AF18: -3855.97 | AG18: -976.46 | AH18: 371.01 | AI18: 808.97 | AJ18: -5121.16 | AK18: -5341 | AL18: 7242.96 | AM18: 5697.21 | AN18: 5109.8 | AO18: -23.91 | AP18: 5190.71 | AQ18: 1171.25 | AR18: -4615.78 | AS18: 8499.62 | AT18: -11436.8 | AU18: 1130.77 | AV18: 1927.36 | AW18: 1725.48 | AX18: 2125.55 | AY18: -2199.05 | AZ18: -3060.59 | BA18: 6755.33 | BB18: -3603.48 | BC18: 4607.65 | BD18: -3071.65
C19: Overtime | J19: -4122.26 | K19: -1262.17 | L19: -20463.56 | M19: -8565.94 | N19: -7941.45 | O19: -11367.77 | P19: -9427.8 | Q19: 2147.13 | R19: -3343.02 | S19: 0 | T19: -28686.08 | U19: -1076.02 | V19: -2909.22 | W19: -4357.08 | X19: -1365.2 | Y19: -29865.71 | Z19: -2611.14 | AA19: -49936.75 | AB19: -29478.7 | AC19: -8692.94 | AD19: -25812.82 | AE19: 18025.3 | AF19: -4332.01 | AG19: 0 | AH19: 0 | AI19: -5654.7342 | AJ19: -145466.3 | AK19: -16511.855 | AL19: -11580.022 | AM19: -14427.413 | AN19: -22690.212 | AO19: -82707.775 | AP19: -80282.297 | AQ19: -14830.123 | AR19: -132763.49 | AS19: -89316.865 | AT19: -33399.171 | AU19: -37512.6 | AV19: -117954.88 | AW19: -34448.086 | AX19: -54061.529 | AY19: -25616.239 | AZ19: -6415.169 | BA19: 14802.889 | BB19: -37385.829 | BC19: -40438.858 | BD19: -39225.793
C20: Purchased Hours | J20: 0 | K20: 783.75 | L20: 531.8 | M20: 1600 | N20: -7998.87 | O20: 17359 | P20: -46568.95 | Q20: -35853.47 | R20: 108746.19 | S20: 2365.54 | T20: -353.27 | U20: 0 | V20: -28299.37 | W20: 0 | X20: 0 | Y20: 4800 | Z20: 0 | AA20: -52392.51 | AB20: 13466.08 | AC20: 18709.67 | AD20: -24535.42 | AE20: 84611.31 | AF20: 560.56 | AG20: 30526.64 | AH20: 51528.64 | AI20: -34887.01 | AJ20: -147583.02 | AK20: -10055.07 | AL20: -3037.43 | AM20: -50872.25 | AN20: -33456.53 | AO20: -249055.71 | AP20: -223959.46 | AQ20: -54616.11 | AR20: -74347.71 | AS20: -180530.36 | AT20: -274095.66 | AU20: -123440.06 | AV20: -39168.28 | AW20: -15599.16 | AX20: -105749.6 | AY20: -182943.83 | AZ20: -67785.21 | BA20: -126905.59 | BB20: -69145.18 | BC20: -10191.98 | BD20: -248941.2
C21: SUPPLIES | J21: -4541.75 | K21: -302.15 | L21: 7740.43 | M21: 1061.46 | N21: -17377.92 | O21: 5152.98 | P21: 5683.83 | Q21: 1782.91 | R21: 7206.08 | S21: 10107.95 | T21: 7798.7 | U21: 1874.02 | V21: 4595.45 | W21: 3522.48 | X21: 2946.36 | Y21: 503.03 | Z21: -22.01 | AA21: -19237.34 | AB21: -1042.55 | AC21: 2861.4 | AD21: -3884.63 | AE21: -9337.29 | AF21: 3054.95 | AG21: 2551.83 | AH21: 3989.61 | AI21: -7099.46 | AJ21: -6669.09 | AK21: -9929.93 | AL21: -14329.17 | AM21: -17677.24 | AN21: 217.89 | AO21: -10067.96 | AP21: 1660.46 | AQ21: -1078.61 | AR21: -11154.37 | AS21: -3830.56 | AT21: -8800.97 | AU21: -14210.89 | AV21: -7981.81 | AW21: -16844.51 | AX21: -15973.41 | AY21: 11617.22 | AZ21: 9626.13 | BA21: -7421.62 | BB21: -12097.17 | BC21: -9621.24 | BD21: -1802.31
C26: ACIL - No approved Capex Budget?
M28: ACIL | N28: 34789.97
M29: Aster | N29: 309442.95 | O29: 0.25943655
E30: 34789.97 | M30: Bloom | N30: 1081150.9 | O30: 0.30337481
C31: Aster | D31: 0.25943655 | E31: 309442.95 | M31: Iris | N31: 385043.15 | O31: 0.2276476
C32: AgeCare Sagewood | D32: 0.23299043 | M32: Regency | N32: 535223.66 | O32: 0.20734655
C33: AgeCare Seton | D33: 0.14282416
C34: AgeCare SkyPointe | D34: 0.64952452
C35: AgeCare Sunrise Gardens | D35: 0.056791606
C36: AgeCare Walden Heights | D36: 0.52289607
C37: AgeCare Brandt's Creek Mews | D37: #DIV/0!
C38: AgeCare Cariboo Place | D38: #DIV/0!
C39: AgeCare Monashee Mews | D39: 1.4792433
C40: AgeCare Mount Ida Mews | D40: 0.36997038
C41: AgeCare Sun Rivers | D41: #DIV/0!
C42: Bloom | D42: 0.30337481 | E42: 1081150.9 | I42: IAM
C43: AgeCare Bow Crest | D43: 0.35560193 | I43: IAR
C44: AgeCare Jasper Place | D44: 0.49144875 | I44: IEM
C45: AgeCare McKenzie Towne | D45: 0.19598233 | I45: ILD
C46: AgeCare Miller Crossing | D46: 0.77062624 | I46: IPG
C47: AgeCare Mount Royal | D47: 0.12989222 | I47: IPH
C48: AgeCare Riverview | D48: 0.092235566 | I48: ITL
C49: AgeCare South Terrace | D49: 0.14648557 | I49: RBR
C50: AgeCare Glenwarren | D50: 0.4599947 | I50: RGO
C51: AgeCare Holyrood | D51: 0.81451148 | I51: RSM
C52: AgeCare James Bay | D52: 2.3882986 | I52: RWB
C53: AgeCare Lakeview | D53: 0.79245019 | I53: RWG
C54: AgeCare Royal City | D54: 0.080896622 | I54: RWH
... C56: AgeCare Carlton | D56: 0.5381359 | I56: RWW
C57: AgeCare Malaspina | D57: 1.4933947
C58: Total for IRIS | D58: 0.2276476 | E58: 385043.15
C59: Aylmer (IAM) | D59: 0.17439662
C60: Aurora (IAR) | D60: 0.39247329
C61: Elmira (IEM) | D61: 0.18230042
C62: London (ILD) | D62: 0.1456589
C63: Pine Grove (IPG) | D63: 0.030531133
C64: Parkhill (IPH) | D64: 0.17505338
C65: Royal Oak (IRO) | D65: 0.63366834
C66: Trilogy (ITL) | D66: 0.15879722
C67: Total for REGENCY | D67: 0.20734655 | E67: 535223.66
C68: Brant (RBR) | D68: 0.099469431
C69: Glen Oaks (RGO) | D69: 0.51617458
C70: Samac (RSM) | D70: 0.36957823
C71: Westbury (RWB) | D71: 0.11911727
C72: Willowgrove (RWG) | D72: 0.081010924
C73: Woodhaven (RWH) | D73: 0.1624677
C74: Wenleigh (RWL) | D74: 0.42383455
C75: West Williams (RWW) | D75: 0.062412483

Sheet June
C2: CL | D2: GL | E2: MN | F2: OM | G2: VV | H2: HC | I2: SW | J2: ST | K2: SP | L2: SG | M2: WH | N2: BCM | O2: CPL | P2: MOM | Q2: MIM | R2: SR | S2: BBC | T2: BJP | U2: BMT | V2: BMC | W2: BMR | X2: BRV | Y2: BST | Z2: BGW | AA2: BHR | AB2: BJB | AC2: BLV | AD2: BRC | AE2: BSD | AF2: BCT | AG2: BMS | AH2: IAM | AI2: IAR | AJ2: IEM | AK2: ILD | AL2: IPG | AM2: IPH | AN2: IRO | AO2: ITL | AP2: RBR | AQ2: RGO | AR2: RSM | AS2: RWB | AT2: RWG | AU2: RWH | AV2: RWL | AW2: RWW | AX2: MGS | AY2: MBC | AZ2: MCG | BA2: MQG | BB2: MRG | BC2: MVF
B3: Sick Time | C3: 1359.13 | D3: 32171.56 | E3: 51908.58 | F3: 2495.98 | G3: 6350.64 | H3: 1590.94 | I3: 31012.76 | J3: 51646.54 | K3: 69861.83 | L3: 20550.9 | M3: 52812.24 | N3: 12764.69 | O3: 4095.99 | P3: 3500.95 | Q3: 14574.34 | R3: 34.18 | S3: 9665.84 | T3: 14652.49 | U3: 18823.31 | V3: 25061.81 | W3: 12407.77 | X3: 18205.03 | Y3: 22808.22 | Z3: 18672.57 | AA3: 30696.28 | AB3: 15650.19 | AC3: 32247.47 | AD3: 26507.85 | AE3: 4276.05 | AF3: 246.39 | AG3: 46.49 | AH3: 8452.16 | AI3: 31314.46 | AJ3: 10125.21 | AK3: 8169.04 | AL3: 17744.93 | AM3: 3739.53 | AN3: 21173.81 | AO3: 25028.8 | AP3: 28829.14 | AQ3: 31965.25 | AR3: 18074.77 | AS3: 26225.6 | AT3: 17853.56 | AU3: 20390.22 | AV3: 19073.14 | AW3: 18343.37 | AX3: 38426.91 | AY3: 17349.96 | AZ3: 23144.71 | BA3: 21969.07 | BB3: 22973.88 | BC3: 15391.68
B4: Overtime | C4: 520.52 | D4: 11009.02 | E4: 19672.23 | F4: 4171.7 | G4: 7014.06 | H4: 83.02 | I4: 12512.03 | J4: 6881.75 | K4: 23953 | L4: 17369 | M4: 11005.49 | N4: 41764.6 | O4: 8755.71 | P4: 8172.55 | Q4: 36494.91 | R4: 0 | S4: 17314.11 | T4: 4984.38 | U4: 8978.45 | V4: 7775.6 | W4: 6540.83 | X4: 11016.15 | Y4: 3412.02 | Z4: 110394.55 | AA4: 39421.94 | AB4: 35738.75 | AC4: 48859.97 | AD4: 16378.14 | AE4: 10599.27 | AF4: 0 | AG4: 0 | AH4: 22321 | AI4: 123391.86 | AJ4: 13313.02 | AK4: 36147.76 | AL4: 33847.13 | AM4: 21875.21 | AN4: 111939.74 | AO4: 112872.1 | AP4: 69236.87 | AQ4: 89890.15 | AR4: 90557.51 | AS4: 23426.99 | AT4: 51403.48 | AU4: 170360.47 | AV4: 39199.69 | AW4: 55232.92 | AX4: 52915.45 | AY4: 14552.19 | AZ4: 20404.13 | BA4: 26523.49 | BB4: 35410.56 | BC4: 84915.16
B5: Purchased Hours | C5: 243.81 | D5: 8138.85 | E5: 39321.24 | F5: 0 | G5: 1474.2 | H5: 431018.39 | I5: 0 | J5: 2091.75 | K5: 15927.82 | L5: 0 | M5: 5009.9 | N5: 109224.29 | O5: 126385.19 | P5: 138659.67 | Q5: 71319.53 | R5: 498638.96 | S5: 566.28 | T5: 0 | U5: 40814.67 | V5: 0 | W5: 2513.7 | X5: 0 | Y5: 0 | Z5: 123709.23 | AA5: 147967.14 | AB5: 161814.91 | AC5: 206535.05 | AD5: 48037.9 | AE5: 62594.68 | AF5: 824487.99 | AG5: 847706.28 | AH5: 37538.31 | AI5: 115095.32 | AJ5: 21401.68 | AK5: 14473.99 | AL5: 67601.65 | AM5: 34413.8 | AN5: 224086.11 | AO5: 210698.48 | AP5: 33747.87 | AQ5: 47282.47 | AR5: 288223.02 | AS5: 231929.35 | AT5: 75490.85 | AU5: -6836.54 | AV5: 43847.38 | AW5: 85618.88 | AX5: 52664.8 | AY5: 35461.59 | AZ5: 163985.71 | BA5: 64344.2 | BB5: 46212.49 | BC5: 312764.7
B6: Supplies | C6: 820.26 | D6: 54273.99 | E6: 68047.6 | F6: 2094.15 | G6: 8756.14 | H6: 15944.48 | I6: 20800.09 | J6: 27129.2 | K6: 37960.53 | L6: 2493.47 | M6: 40968.51 | N6: 7982.37 | O6: 8469.36 | P6: 6117.92 | Q6: 13222.86 | R6: 16853.39 | S6: 19319.03 | T6: 24024.64 | U6: 35236.29 | V6: 43937.06 | W6: 13210.57 | X6: 16701.87 | Y6: 29877.2 | Z6: 7500.49 | AA6: 17294.48 | AB6: 19991.77 | AC6: 24077.75 | AD6: 25087.29 | AE6: 6585.82 | AF6: 15347.44 | AG6: 21748.59 | AH6: 9089.38 | AI6: 13783.93 | AJ6: 5801.46 | AK6: 11085.18 | AL6: 21751.7 | AM6: 12006.34 | AN6: 29016.79 | AO6: 22545.66 | AP6: 8338 | AQ6: 16445.96 | AR6: 21682.98 | AS6: -1096.02 | AT6: 17949.04 | AU6: 15519.94 | AV6: 8520.88 | AW6: 24616.8 | AX6: 23525.14 | AY6: 19111.55 | AZ6: 28690.28 | BA6: 14120.98 | BB6: 19786.53 | BC6: 23538.73
B7: CapEx | I7: 0.44590679 | J7: 0.14282416 | K7: 0.82848578 | L7: 0.057559975 | M7: 0.65947319 | N7: N/A | O7: N/A | P7: 7.28083 | Q7: 0.56442231 | R7: N/A | S7: 0.42497005 | T7: 0.59256016 | U7: 0.2270588 | V7: 1.0286225 | W7: 0.53474052 | X7: 0.092235566 | Y7: 0.39012277 | Z7: 0.56551711 | AA7: 0.81451104 | AB7: 2.8940029 | AC7: 1.3417149 | AD7: 0.094220401 | AE7: 0.23646522 | AF7: 2.3662128 | AG7: 1.4933947 | AH7: 0.18 | AI7: 0.43 | AJ7: 0.2 | AK7: 0.15 | AL7: 0.22 | AM7: 0.03 | AN7: 1.24 | AO7: 0.18 | AP7: 0.3 | AQ7: 0.58 | AR7: 0.46 | AS7: 0.12 | AT7: 0.47 | AU7: 0.16 | AV7: 0.51 | AW7: 0.12
B10: MAY BUDGET | I10: SW | J10: ST | K10: SP | L10: SG | M10: WH | N10: BCM | O10: CPL | P10: MOM | Q10: MIM | R10: SR | S10: BBC | T10: BJP | U10: BMT | V10: BMC | W10: BMR | X10: BRV | Y10: BST | Z10: BGW | AA10: BHR | AB10: BJB | AC10: BLV | AD10: BRC | AE10: BSD | AF10: BCT | AG10: BMS | AH10: IAM | AI10: IAR | AJ10: IEM | AK10: ILD | AL10: IPG | AM10: IPH | AN10: IRO | AO10: ITL | AP10: RBR | AQ10: RGO | AR10: RSM | AS10: RWB | AT10: RWG | AU10: RWH | AV10: RWL | AW10: RWW | AX10: MGS | AY10: MBC | AZ10: MCG | BA10: MQG | BB10: MRG | BC10: MVF
B11: Sick Time | I11: 20154.7 | J11: 38639.96 | K11: 62643.75 | L11: 10040.76 | M11: 37145.29 | N11: 15772.04 | O11: 8382.57 | P11: 7326.67 | Q11: 17777.22 | R11: 245.7 | S11: 10785.77 | T11: 9200.51 | U11: 13572.51 | V11: 14112.79 | W11: 8252.18 | X11: 9621.52 | Y11: 11652.48 | Z11: 9170.66 | AA11: 9594.55 | AB11: 8443.24 | AC11: 14286.51 | AD11: 15670.26 | AE11: 3318.66 | AF11: 0 | AG11: 380.68 | AH11: 6922.61 | AI11: 26272.99 | AJ11: 6429.67 | AK11: 12832.53 | AL11: 13678.01 | AM11: 8650.93 | AN11: 20903.63 | AO11: 23556.27 | AP11: 21212.98 | AQ11: 22174.03 | AR11: 22611.43 | AS11: 24599.24 | AT11: 21234.78 | AU11: 22916.47 | AV11: 20510.29 | AW11: 20029.69 | AX11: 21461.58 | AY11: 12698.02 | AZ11: 23402.66 | BA11: 17522.97 | BB11: 19032.41 | BC11: 21725.35
B12: Overtime | I12: 4111.26 | J12: 2099.33 | K12: 6618.92 | L12: 3088.34 | M12: 4056.28 | N12: 30817.52 | O12: 5140.84 | P12: 7358.38 | Q12: 30606.89 | R12: 0 | S12: 3633.07 | T12: 6938.04 | U12: 1990.48 | V12: 2317.3 | W12: 2845.05 | X12: 3575.56 | Y12: 2270.6 | Z12: 67233.77 | AA12: 57108.84 | AB12: 26030.81 | AC12: 38745.96 | AD12: 49773.42 | AE12: 8191.55 | AF12: 0 | AG12: 0 | AH12: 4793.3408 | AI12: 14861.411 | AJ12: 3184.0724 | AK12: 7789.544 | AL12: 7858.3502 | AM12: 5050.9774 | AN12: 12507.972 | AO12: 13529.497 | AP12: 14636.328 | AQ12: 13535.558 | AR12: 13773.949 | AS12: 15000.542 | AT12: 13084.468 | AU12: 15702.852 | AV12: 11912.663 | AW12: 13431.734 | AX12: 13405.069 | AY12: 7573.5798 | AZ12: 16302.558 | BA12: 10387.064 | BB12: 11287.876 | BC12: 13083.147
B13: Purchased Hours | I13: 0 | J13: 1600 | K13: 2695 | L13: 1600 | M13: 1666.63 | N13: 89497.8 | O13: 148766.22 | P13: 80584.64 | Q13: 236380.34 | R13: 496644.86 | S13: 0 | T13: 0 | U13: 0 | V13: 0 | W13: 0 | X13: 4800 | Y13: 0 | Z13: 87858.8 | AA13: 135815.16 | AB13: 188960.28 | AC13: 229853.24 | AD13: 60703.7 | AE13: 75019.82 | AF13: 792281.5 | AG13: 901623.09 | AH13: 7638.63 | AI13: 34110.38 | AJ13: 5558.83 | AK13: 11721.37 | AL13: 12080.11 | AM13: 7880.26 | AN13: 28238.23 | AO13: 24400.29 | AP13: 21499 | AQ13: 21546 | AR13: 20924.1 | AS13: 26061.41 | AT13: 26703.97 | AU13: 23695.14 | AV13: 22034.68 | AW13: 19403.98 | AX13: 25522.69 | AY13: 12017.71 | AZ13: 30987.45 | BA13: 16214.02 | BB13: 15881.28 | BC13: 20001.02
B14: SUPPLIES | I14: 24067.67 | J14: 32481.13 | K14: 59734.81 | L14: 3701.95 | M14: 36509.7 | N14: 18552.68 | O14: 12853.7 | P14: 8585.46 | Q14: 23962.36 | R14: 17622.12 | S14: 34578.26 | T14: 27391.97 | U14: 38576.51 | V14: 43429.81 | W14: 18769.68 | X14: 19708.08 | Y14: 30371.19 | Z14: 17085.62 | AA14: 21612.03 | AB14: 19504.32 | AC14: 26990.32 | AD14: 25936.29 | AE14: 7140.83 | AF14: 18125.34 | AG14: 25456.18 | AH14: 3620.65 | AI14: 6176.4 | AJ14: 1261.57 | AK14: 5864.17 | AL14: 5230.77 | AM14: 5629.63 | AN14: 9117.53 | AO14: 18046.77 | AP14: 10770.61 | AQ14: 11538.65 | AR14: 6670.11 | AS14: 12645.06 | AT14: 12732.18 | AU14: 13373.99 | AV14: 9451.08 | AW14: 9335.61 | AX14: 17799.62 | AY14: 14730.42 | AZ14: 21095.85 | BA14: 14063.9 | BB14: 14063.9 | BC14: 17579.87
B17: Variance | I17: SW | J17: ST | K17: SP | L17: SG | M17: WH | N17: BCM | O17: CPL | P17: MOM | Q17: MIM | R17: SR | S17: BBC | T17: BJP | U17: BMT | V17: BMC | W17: BMR | X17: BRV | Y17: BST | Z17: BGW | AA17: BHR | AB17: BJB | AC17: BLV | AD17: BRC | AE17: BSD | AF17: BCT | AG17: BMS | AH17: IAM | AI17: IAR | AJ17: IEM | AK17: ILD | AL17: IPG | AM17: IPH | AN17: IRO | AO17: ITL | AP17: RBR | AQ17: RGO | AR17: RSM | AS17: RWB | AT17: RWG | AU17: RWH | AV17: RWL | AW17: RWW | AX17: MGS | AY17: MBC | AZ17: MCG | BA17: MQG | BB17: MRG | BC17: MVF
B18: Sick Time | I18: -10858.06 | J18: -13006.58 | K18: -7218.08 | L18: -10510.14 | M18: -15666.95 | N18: 3007.35 | O18: 4286.58 | P18: 3825.72 | Q18: 3202.88 | R18: 211.52 | S18: 1119.93 | T18: -5451.98 | U18: -5250.8 | V18: -10949.02 | W18: -4155.59 | X18: -8583.51 | Y18: -11155.74 | Z18: -9501.91 | AA18: -21101.73 | AB18: -7206.95 | AC18: -17960.96 | AD18: -10837.59 | AE18: -957.39 | AF18: -246.39 | AG18: 334.19 | AH18: -1529.55 | AI18: -5041.47 | AJ18: -3695.54 | AK18: 4663.49 | AL18: -4066.92 | AM18: 4911.4 | AN18: -270.18 | AO18: -1472.53 | AP18: -7616.16 | AQ18: -9791.22 | AR18: 4536.66 | AS18: -1626.36 | AT18: 3381.22 | AU18: 2526.25 | AV18: 1437.15 | AW18: 1686.32 | AX18: -16965.33 | AY18: -4651.94 | AZ18: 257.95 | BA18: -4446.1 | BB18: -3941.47 | BC18: 6333.67
B19: Overtime | I19: -8400.77 | J19: -4782.42 | K19: -17334.08 | L19: -14280.66 | M19: -6949.21 | N19: -10947.08 | O19: -3614.87 | P19: -814.17 | Q19: -5888.02 | R19: 0 | S19: -13681.04 | T19: 1953.66 | U19: -6987.97 | V19: -5458.3 | W19: -3695.78 | X19: -7440.59 | Y19: -1141.42 | Z19: -43160.78 | AA19: 17686.9 | AB19: -9707.94 | AC19: -10114.01 | AD19: 33395.28 | AE19: -2407.72 | AF19: 0 | AG19: 0 | AH19: -17527.659 | AI19: -108530.45 | AJ19: -10128.948 | AK19: -28358.216 | AL19: -25988.78 | AM19: -16824.233 | AN19: -99431.768 | AO19: -99342.603 | AP19: -54600.542 | AQ19: -76354.592 | AR19: -76783.561 | AS19: -8426.4482 | AT19: -38319.012 | AU19: -154657.62 | AV19: -27287.027 | AW19: -41801.186 | AX19: -39510.381 | AY19: -6978.6102 | AZ19: -4101.5718 | BA19: -16136.426 | BB19: -24122.684 | BC19: -71832.013
B20: Purchased Hours | I20: 0 | J20: -491.75 | K20: -13232.82 | L20: 1600 | M20: -3343.27 | N20: -19726.49 | O20: 22381.03 | P20: -58075.03 | Q20: 165060.81 | R20: -1994.1 | S20: -566.28 | T20: 0 | U20: -40814.67 | V20: 0 | W20: -2513.7 | X20: 4800 | Y20: 0 | Z20: -35850.43 | AA20: -12151.98 | AB20: 27145.37 | AC20: 23318.19 | AD20: 12665.8 | AE20: 12425.14 | AF20: -32206.49 | AG20: 53916.81 | AH20: -29899.68 | AI20: -80984.94 | AJ20: -15842.85 | AK20: -2752.62 | AL20: -55521.54 | AM20: -26533.54 | AN20: -195847.88 | AO20: -186298.19 | AP20: -12248.87 | AQ20: -25736.47 | AR20: -267298.92 | AS20: -205867.94 | AT20: -48786.88 | AU20: 30531.68 | AV20: -21812.7 | AW20: -66214.9 | AX20: -27142.11 | AY20: -23443.88 | AZ20: -132998.26 | BA20: -48130.18 | BB20: -30331.21 | BC20: -292763.68
B21: SUPPLIES | I21: 3267.58 | J21: 5351.93 | K21: 21774.28 | L21: 1208.48 | M21: -4458.81 | N21: 10570.31 | O21: 4384.34 | P21: 2467.54 | Q21: 10739.5 | R21: 768.73 | S21: 15259.23 | T21: 3367.33 | U21: 3340.22 | V21: -507.25 | W21: 5559.11 | X21: 3006.21 | Y21: 493.99 | Z21: 9585.13 | AA21: 4317.55 | AB21: -487.45 | AC21: 2912.57 | AD21: 849 | AE21: 555.01 | AF21: 2777.9 | AG21: 3707.59 | AH21: -5468.73 | AI21: -7607.53 | AJ21: -4539.89 | AK21: -5221.01 | AL21: -16520.93 | AM21: -6376.71 | AN21: -19899.26 | AO21: -4498.89 | AP21: 2432.61 | AQ21: -4907.31 | AR21: -15012.87 | AS21: 13741.08 | AT21: -5216.86 | AU21: -2145.95 | AV21: 930.2 | AW21: -15281.19 | AX21: -5725.52 | AY21: -4381.13 | AZ21: -7594.43 | BA21: -57.08 | BB21: -5722.63 | BC21: -5958.86
B29: Aster | D29: 0.35770254
B30: AgeCare Brandt's Creek Mews | C30: BCM | D30: #DIV/0!
B31: AgeCare Cariboo Place | C31: CPL | D31: #DIV/0!
B32: AgeCare Monashee Mews | C32: MOM | D32: 7.28083
B33: AgeCare Mount Ida Mews | C33: MIM | D33: 0.56442231
B34: AgeCare Sun Rivers | C34: SR | D34: #DIV/0!
B35: AgeCare Sagewood | C35: SW | D35: 0.44590679
B36: AgeCare Seton | C36: ST | D36: 0.14282416
B37: AgeCare SkyPointe | C37: SP | D37: 0.82848578
B38: AgeCare Sunrise Gardens | C38: SG | D38: 0.057559975
B39: AgeCare Walden Heights | C39: WH | D39: 0.65947319
B40: Bloom | D40: 0.3988867
B41: AgeCare Bow Crest | D41: 0.42497005
B42: AgeCare Jasper Place | D42: 0.59256016
B43: AgeCare McKenzie Towne | D43: 0.2270588
B44: AgeCare Miller Crossing | D44: 1.0286225
B45: AgeCare Mount Royal | D45: 0.53474052
B46: AgeCare Riverview | D46: 0.092235566
B47: AgeCare South Terrace | D47: 0.39012277
B48: AgeCare Carlton | D48: 2.3662128
B49: AgeCare Glenwarren | D49: 0.56551711
B50: AgeCare Holyrood | D50: 0.81451104
B51: AgeCare James Bay | D51: 2.8940029
... B73: West Williams (RWW) | D73: 0.12

Sheet July
C2: CL | D2: GL | E2: MN | F2: OM | G2: VV | H2: HC | I2: SW | J2: ST | K2: SP | L2: SG | M2: WH | N2: BCM | O2: CPL | P2: MOM | Q2: MIM | R2: SR | S2: BBC | T2: BJP | U2: BMT | V2: BMC | W2: BMR | X2: BRV | Y2: BST | Z2: BGW | AA2: BHR | AB2: BJB | AC2: BLV | AD2: BRC | AE2: BSD | AF2: BCT | AG2: BMS | AH2: IAM | AI2: IAR | AJ2: IEM | AK2: ILD | AL2: IPG | AM2: IPH | AN2: IRO | AO2: ITL | AP2: RBR | AQ2: RGO | AR2: RSM | AS2: RWB | AT2: RWG | AU2: RWH | AV2: RWL | AW2: RWW | AX2: MGS | AY2: MBC | AZ2: MCG | BA2: MQG | BB2: MRG | BC2: MVF
B3: Sick Time | C3: 3470.42 | D3: 33359.5 | E3: 33959 | F3: -447.2 | G3: 6586.75 | H3: 1904.15 | I3: 24726.65 | J3: 50862.93 | K3: 74734.32 | L3: 10507.17 | M3: 43595.25 | N3: 10301.2 | O3: 4607.7 | P3: 4331.33 | Q3: 12606.96 | R3: 897.33 | S3: 15263.89 | T3: 14195.8 | U3: 11643.51 | V3: 26299.68 | W3: 18652.67 | X3: 17465.74 | Y3: 19928.6 | Z3: 18215.93 | AA3: 25695.26 | AB3: 10238.06 | AC3: 37793.87 | AD3: 30400.25 | AE3: 1910.88 | AF3: 440.45 | AG3: 231.13 | AH3: 11174.49 | AI3: 25159.64 | AJ3: 1731.26 | AK3: 5560.12 | AL3: 16155.5 | AM3: 6598.46 | AN3: 17483.12 | AO3: 22724.48 | AP3: 18278.29 | AQ3: 27808.98 | AR3: 19153.68 | AS3: 27564.41 | AT3: 15575.67 | AU3: 12838.05 | AV3: 13658.03 | AW3: 18871.14 | AX3: 24426.33 | AY3: 13170.13 | AZ3: 20855.87 | BA3: 23586.07 | BB3: 18005.93 | BC3: 14739.62
B4: Overtime | C4: 1140.73 | D4: 5353.18 | E4: 37485.24 | F4: 3041.28 | G4: 9925.88 | H4: 296.81 | I4: 4560.44 | J4: 8541.48 | K4: 27912.32 | L4: 8555.93 | M4: 11789.88 | N4: 43476.95 | O4: 8508.02 | P4: 8150.31 | Q4: 46695.42 | R4: 0 | S4: 24623.86 | T4: 4541.26 | U4: 3821.42 | V4: 6837.76 | W4: 8425.91 | X4: 15497.82 | Y4: 8353.16 | Z4: 86924.01 | AA4: 34067.43 | AB4: 33705.68 | AC4: 55633.72 | AD4: 26380.56 | AE4: 10168.14 | AF4: 0 | AG4: 0 | AH4: 35863.58 | AI4: 98922.93 | AJ4: 19366.43 | AK4: 43050.54 | AL4: 39573.52 | AM4: 23210.75 | AN4: 112294.24 | AO4: 104030.28 | AP4: 71090.39 | AQ4: 122981.18 | AR4: 126989.03 | AS4: 39066.85 | AT4: 38410.34 | AU4: 166347.63 | AV4: 58330.26 | AW4: 74381.55 | AX4: 39052.74 | AY4: 18660.11 | AZ4: 21412.29 | BA4: 36375.99 | BB4: 51907.79 | BC4: 103599.96
B5: Purchased Hours | C5: 0 | D5: 23093.44 | E5: 41972 | F5: 0 | G5: 4504.4 | H5: 442565.65 | I5: 0 | J5: 3783.56 | K5: 18970.88 | L5: 0 | M5: 20113.46 | N5: 31010.15 | O5: 132645.81 | P5: 112589.83 | Q5: 78748.73 | R5: 497765.6 | S5: 672.84 | T5: 0 | U5: 22188.71 | V5: 0 | W5: 114.98 | X5: 715 | Y5: 278.25 | Z5: 127928.3 | AA5: 132784.84 | AB5: 221176.65 | AC5: 225464.05 | AD5: 47398.01 | AE5: 76777.49 | AF5: 802547.66 | AG5: 875239.15 | AH5: 64546.23 | AI5: 112956.97 | AJ5: 11064.71 | AK5: 18338.81 | AL5: 118651.62 | AM5: 30084.26 | AN5: 252871.71 | AO5: 266389.59 | AP5: 75724.66 | AQ5: 59395.59 | AR5: 306056.26 | AS5: 40848.16 | AT5: 59350.69 | AU5: 73619.42 | AV5: 36927.57 | AW5: 59201.68 | AX5: 279278.28 | AY5: 63276.36 | AZ5: 108094.76 | BA5: 171422.25 | BB5: 10483.6 | BC5: 114917.68
B6: Supplies | C6: 968.13 | D6: 54809.75 | E6: 51309.2 | F6: 1761.5 | G6: 7881.41 | H6: 18231.94 | I6: 34794.72 | J6: 42961.54 | K6: 82413.3 | L6: 6090.45 | M6: 47639.51 | N6: 15419.58 | O6: 3090.13 | P6: 4434.18 | Q6: 5216.63 | R6: 17087.75 | S6: 30036.28 | T6: 24602.74 | U6: 32268.92 | V6: 47102.04 | W6: 9791.37 | X6: 20251.37 | Y6: 30074.31 | Z6: 13624.22 | AA6: 20061.29 | AB6: 22545.6 | AC6: 23141.01 | AD6: 35705.24 | AE6: 5704.98 | AF6: 15866.64 | AG6: 47166.98 | AH6: 13191.36 | AI6: 1391.09 | AJ6: 5613.93 | AK6: 10033.72 | AL6: 18204.84 | AM6: 6167.05 | AN6: -1361.57 | AO6: 15547.37 | AP6: 18201.51 | AQ6: 24947.68 | AR6: 35719.23 | AS6: 17654.53 | AT6: 18949.41 | AU6: 18657.78 | AV6: 16917.12 | AW6: 18202.42 | AX6: 18962.7 | AY6: -5698.87 | AZ6: 19429.17 | BA6: 14109.46 | BB6: 19909.91 | BC6: 15273.17
B7: CapEx | I7: 0.49822569 | J7: 0.16059526 | K7: 0.92954167 | L7: 0.2634442 | M7: 0.67234428 | N7: NA | O7: NA | P7: 8.4694333 | Q7: 0.56442231 | R7: NA | S7: 0.47548631 | T7: 0.59256016 | U7: 0.25992045 | V7: 1.1098011 | W7: 0.50505988 | X7: 0.12775564 | Y7: 0.41765967 | Z7: 0.63206256 | AA7: 1.3493816 | AB7: 3.0327173 | AC7: 1.5745838 | AD7: 0.30861358 | AE7: 0.31839133 | AF7: 0.5381359 | AG7: 1.4933947 | AH7: 0.56460942 | AI7: 0.48381935 | AJ7: 0.24874058 | AK7: 0.14542792 | AL7: 0.25177231 | AM7: 1.2530035 | AN7: 0.19776771 | AO7: 0.18550085 | AP7: 0.35496405 | AQ7: 0.66974491 | AR7: 0.46312891 | AS7: 0.3204278 | AT7: 0.47464121 | AU7: 0.16596715 | AV7: 0.78033857 | AW7: 0.18865872
B10: July Budget | C10: CL | D10: GL | E10: MN | F10: OM | G10: VV | H10: HC | I10: SW | J10: ST | K10: SP | L10: SG | M10: WH | N10: BCM | O10: CPL | P10: MOM | Q10: MIM | R10: SR | S10: BBC | T10: BJP | U10: BMT | V10: BMC | W10: BMR | X10: BRV | Y10: BST | Z10: BGW | AA10: BHR | AB10: BJB | AC10: BLV | AD10: BRC | AE10: BSD | AF10: BCT | AG10: BMS | AH10: IAM | AI10: IAR | AJ10: IEM | AK10: ILD | AL10: IPG | AM10: IPH | AN10: IRO | AO10: ITL | AP10: RBR | AQ10: RGO | AR10: RSM | AS10: RWB | AT10: RWG | AU10: RWH | AV10: RWL | AW10: RWW | AX10: MGS | AY10: MBC | AZ10: MCG | BA10: MQG | BB10: MRG | BC10: MVF
B11: Sick Time | I11: 21021.86 | J11: 40448.18 | K11: 65337.05 | L11: 10511.57 | M11: 38810.43 | N11: 16707.57 | O11: 8870.3 | P11: 7748.66 | Q11: 18825.58 | R11: 254.44 | S11: 11310.16 | T11: 9586.65 | U11: 14113.17 | V11: 14721.61 | W11: 8606.77 | X11: 10127.77 | Y11: 12218.69 | Z11: 9765.52 | AA11: 10089.3 | AB11: 8808.86 | AC11: 15054.47 | AD11: 16466.09 | AE11: 3488.11 | AF11: 0 | AG11: 396.88 | AH11: 7290.23 | AI11: 27548.18 | AJ11: 6783.21 | AK11: 13479.58 | AL11: 14337.59 | AM11: 9087.21 | AN11: 21910.61 | AO11: 24750.4 | AP11: 22268.18 | AQ11: 23288.18 | AR11: 23827.8 | AS11: 25908.84 | AT11: 22294.37 | AU11: 24130.68 | AV11: 21528.55 | AW11: 21110.22 | AX11: 22262.95 | AY11: 13502.4 | AZ11: 24276.71 | BA11: 18430.26 | BB11: 19970.57 | BC11: 22814.47
B12: Overtime | I12: 4247.26 | J12: 2169.3 | K12: 6839.54 | L12: 3191.28 | M12: 4191.48 | N12: 31844.78 | O12: 5222.52 | P12: 7603.66 | Q12: 31531.23 | R12: 0 | S12: 3633.07 | T12: 6938.04 | U12: 1990.48 | V12: 2317.3 | W12: 2845.05 | X12: 3575.56 | Y12: 2270.6 | Z12: 67233.77 | AA12: 57108.84 | AB12: 26030.81 | AC12: 38745.96 | AD12: 49773.42 | AE12: 8191.55 | AF12: 0 | AG12: 0 | AH12: 10047.987 | AI12: 31147.372 | AJ12: 6707.9968 | AK12: 16328.016 | AL12: 16447.193 | AM12: 10583.716 | AN12: 26184.293 | AO12: 28394.222 | AP12: 30701.391 | AQ12: 28398.465 | AR12: 28942.688 | AS12: 31583.086 | AT12: 27455.306 | AU12: 33014.948 | AV12: 25003.976 | AW12: 28260.552 | AX12: 27750.24 | AY12: 16030.934 | AZ12: 33765.932 | BA12: 21800.972 | BB12: 23638.196 | BC12: 27444.615
B13: Purchased Hours | I13: 0 | J13: 1600 | K13: 2695 | L13: 1600 | M13: 1666.63 | N13: 92379.84 | O13: 151244.54 | P13: 83549.69 | Q13: 240875.01 | R13: 510385.96 | S13: 0 | T13: 0 | U13: 0 | V13: 0 | W13: 0 | X13: 4800 | Y13: 0 | Z13: 87858.8 | AA13: 135815.16 | AB13: 188960.28 | AC13: 225853.24 | AD13: 60703.7 | AE13: 75019.82 | AF13: 792281.5 | AG13: 901623.09 | AH13: 7638.63 | AI13: 34110.38 | AJ13: 5558.83 | AK13: 11721.37 | AL13: 12080.11 | AM13: 7880.26 | AN13: 28238.23 | AO13: 24400.29 | AP13: 21499 | AQ13: 21546 | AR13: 20924.1 | AS13: 26061.41 | AT13: 26703.97 | AU13: 23695.14 | AV13: 22034.68 | AW13: 19403.98 | AX13: 25767.69 | AY13: 12017.71 | AZ13: 30987.45 | BA13: 16214.02 | BB13: 15881.28 | BC13: 20001.02
B14: SUPPLIES | I14: 24869.91 | J14: 33563.83 | K14: 61725.96 | L14: 3825.33 | M14: 37726.7 | N14: 19171.1 | O14: 13282.14 | P14: 8871.63 | Q14: 24761.1 | R14: 18209.52 | S14: 34578.26 | T14: 27391.97 | U14: 38576.51 | V14: 43429.81 | W14: 18769.68 | X14: 19708.08 | Y14: 30371.19 | Z14: 17085.62 | AA14: 21612.03 | AB14: 19504.32 | AC14: 26990.32 | AD14: 25936.29 | AE14: 7140.83 | AF14: 18125.34 | AG14: 25456.18 | AH14: 3741.33 | AI14: 6382.28 | AJ14: 1303.62 | AK14: 6059.64 | AL14: 5405.13 | AM14: 5817.28 | AN14: 9421.45 | AO14: 18648.33 | AP14: 11129.63 | AQ14: 11923.27 | AR14: 6892.44 | AS14: 13066.56 | AT14: 13156.58 | AU14: 13819.79 | AV14: 9766.11 | AW14: 9646.8 | AX14: 18392.94 | AY14: 15221.43 | AZ14: 21799.04 | BA14: 14532.7 | BB14: 14532.7 | BC14: 18165.87
B17: Variance | C17: CL | D17: GL | E17: MN | F17: OM | G17: VV | H17: HC | I17: SW | J17: ST | K17: SP | L17: SG | M17: WH | N17: BCM | O17: CPL | P17: MOM | Q17: MIM | R17: SR | S17: BBC | T17: BJP | U17: BMT | V17: BMC | W17: BMR | X17: BRV | Y17: BST | Z17: BGW | AA17: BHR | AB17: BJB | AC17: BLV | AD17: BRC | AE17: BSD | AF17: BCT | AG17: BMS | AH17: IAM | AI17: IAR | AJ17: IEM | AK17: ILD | AL17: IPG | AM17: IPH | AN17: IRO | AO17: ITL | AP17: RBR | AQ17: RGO | AR17: RSM | AS17: RWB | AT17: RWG | AU17: RWH | AV17: RWL | AW17: RWW | AX17: MGS | AY17: MBC | AZ17: MCG | BA17: MQG | BB17: MRG | BC17: MVF
B18: Sick Time | I18: -3704.79 | J18: -10414.75 | K18: -9397.27 | L18: 4.4 | M18: -4784.82 | N18: 6406.37 | O18: 4262.6 | P18: 3417.33 | Q18: 6218.62 | R18: -642.89 | S18: -3953.73 | T18: -4609.15 | U18: 2469.66 | V18: -11578.07 | W18: -10045.9 | X18: -7337.97 | Y18: -7709.91 | Z18: -8450.41 | AA18: -15605.96 | AB18: -1429.2 | AC18: -22739.4 | AD18: -13934.16 | AE18: 1577.23 | AF18: -440.45 | AG18: 165.75 | AH18: -3884.26 | AI18: 2388.54 | AJ18: 5051.95 | AK18: 7919.46 | AL18: -1817.91 | AM18: 2488.75 | AN18: 4427.49 | AO18: 2025.92 | AP18: 3989.89 | AQ18: -4520.8 | AR18: 4674.12 | AS18: -1655.57 | AT18: 6718.7 | AU18: 11292.63 | AV18: 7870.52 | AW18: 2239.08 | AX18: -2163.38 | AY18: 332.27 | AZ18: 3420.84 | BA18: -5155.81 | BB18: 1964.64 | BC18: 8074.85
B19: Overtime | I19: -313.18 | J19: -6372.18 | K19: -21072.78 | L19: -5364.65 | M19: -7598.4 | N19: -11632.17 | O19: -3285.5 | P19: -546.65 | Q19: -15164.19 | R19: 0 | S19: -20990.79 | T19: 2396.78 | U19: -1830.94 | V19: -4520.46 | W19: -5580.86 | X19: -11922.26 | Y19: -6082.56 | Z19: -19690.24 | AA19: 23041.41 | AB19: -7674.87 | AC19: -16887.76 | AD19: 23392.86 | AE19: -1976.59 | AF19: 0 | AG19: 0 | AH19: -25815.593 | AI19: -67775.558 | AJ19: -12658.433 | AK19: -26722.524 | AL19: -23126.327 | AM19: -12627.034 | AN19: -86109.947 | AO19: -75636.058 | AP19: -40388.999 | AQ19: -94582.715 | AR19: -98046.342 | AS19: -7483.7644 | AT19: -10955.034 | AU19: -133332.68 | AV19: -33326.284 | AW19: -46120.998 | AX19: -11302.5 | AY19: -2629.176 | AZ19: 12353.642 | BA19: -14575.018 | BB19: -28269.594 | BC19: -76155.345
B20: Purchased Hours | I20: 0 | J20: -2183.56 | K20: -16275.88 | L20: 1600 | M20: -18446.83 | N20: 61369.69 | O20: 18598.73 | P20: -29040.14 | Q20: 162126.28 | R20: 12620.36 | S20: -672.84 | T20: 0 | U20: -22188.71 | V20: 0 | W20: -114.98 | X20: 4085 | Y20: -278.25 | Z20: -40069.5 | AA20: 3030.32 | AB20: -32216.37 | AC20: 389.19 | AD20: 13305.69 | AE20: -1757.67 | AF20: -10266.16 | AG20: 26383.94 | AH20: -56907.6 | AI20: -78846.59 | AJ20: -5505.88 | AK20: -6617.44 | AL20: -106571.51 | AM20: -22204 | AN20: -224633.48 | AO20: -241989.3 | AP20: -54225.66 | AQ20: -37849.59 | AR20: -285132.16 | AS20: -14786.75 | AT20: -32646.72 | AU20: -49924.28 | AV20: -14892.89 | AW20: -39797.7 | AX20: -253510.59 | AY20: -51258.65 | AZ20: -77107.31 | BA20: -155208.23 | BB20: 5397.68 | BC20: -94916.66
B21: SUPPLIES | I21: -9924.81 | J21: -9397.71 | K21: -20687.34 | L21: -2265.12 | M21: -9912.81 | N21: 3751.52 | O21: 10192.01 | P21: 4437.45 | Q21: 19544.47 | R21: 1121.77 | S21: 4541.98 | T21: 2789.23 | U21: 6307.59 | V21: -3672.23 | W21: 8978.31 | X21: -543.29 | Y21: 296.88 | Z21: 3461.4 | AA21: 1550.74 | AB21: -3041.28 | AC21: 3849.31 | AD21: -9768.95 | AE21: 1435.85 | AF21: 2258.7 | AG21: -21710.8 | AH21: -9450.03 | AI21: 4991.19 | AJ21: -4310.31 | AK21: -3974.08 | AL21: -12799.71 | AM21: -349.77 | AN21: 10783.02 | AO21: 3100.96 | AP21: -7071.88 | AQ21: -13024.41 | AR21: -28826.79 | AS21: -4587.97 | AT21: -5792.83 | AU21: -4837.99 | AV21: -7151.01 | AW21: -8555.62 | AX21: -569.76 | AY21: 20920.3 | AZ21: 2369.87 | BA21: 423.24 | BB21: -5377.21 | BC21: 2892.7
AH25: -2722.33 | AI25: 6154.82 | AJ25: 8393.95 | AK25: 2608.92 | AL25: 1589.43 | AM25: -2858.93 | AN25: 3690.69 | AO25: 2304.32 | AP25: 10550.85 | AQ25: 4156.27 | AR25: -1078.91 | AS25: -1338.81 | AT25: 2277.89 | AU25: 7552.17 | AV25: 5415.11 | AW25: -527.77 | AX25: 14000.58 | AY25: 4179.83 | AZ25: 2288.84 | BA25: -1617 | BB25: 4967.95 | BC25: 652.06
AH26: -13542.58 | AI26: 24468.93 | AJ26: -6053.41 | AK26: -6902.78 | AL26: -5726.39 | AM26: -1335.54 | AN26: -354.5 | AO26: 8841.82 | AP26: -1853.52 | AQ26: -33091.03 | AR26: -36431.52 | AS26: -15639.86 | AT26: 12993.14 | AU26: 4012.84 | AV26: -19130.57 | AW26: -19148.63 | AX26: 13862.71 | AY26: -4107.92 | AZ26: -1008.16 | BA26: -9852.5 | BB26: -16497.23 | BC26: -18684.8
AH27: -27007.92 | AI27: 2138.35 | AJ27: 10336.97 | AK27: -3864.82 | AL27: -51049.97 | AM27: 4329.54 | AN27: -28785.6 | AO27: -55691.11 | AP27: -41976.79 | AQ27: -12113.12 | AR27: -17833.24 | AS27: 191081.19 | AT27: 16140.16 | AU27: -80455.96 | AV27: 6919.81 | AW27: 26417.2 | AX27: -226613.48 | AY27: -27814.77 | AZ27: 55890.95 | BA27: -107078.05 | BB27: 35728.89 | BC27: 197847.02
AH28: -4101.98 | AI28: 12392.84 | AJ28: 187.53 | AK28: 1051.46 | AL28: 3546.86 | AM28: 5839.29 | AN28: 30378.36 | AO28: 6998.29 | AP28: -9863.51 | AQ28: -8501.72 | AR28: -14036.25 | AS28: -18750.55 | AT28: -1000.37 | AU28: -3137.84 | AV28: -8396.24 | AW28: 6414.38 | AX28: 4562.44 | AY28: 24810.42 | AZ28: 9261.11 | BA28: 11.52 | BB28: -123.38 | BC28: 8265.56
AN30: IRO
B31: Aster | C31: 544682.6 | D31: 1192750 | E31: 0.45666116
B32: AgeCare Brandt's Creek Mews | C32: 0 | D32: 0 | E32: NA | F32: BCM
B33: AgeCare Cariboo Place | C33: 7309.05 | D33: 0 | E33: NA | F33: CPL
B34: AgeCare Monashee Mews | C34: 25408.3 | D34: 3000 | E34: 8.4694333 | F34: MOM
B35: AgeCare Mount Ida Mews | C35: 90307.57 | D35: 160000 | E35: 0.56442231 | F35: MIM
B36: AgeCare Sun Rivers | C36: 50653.65 | D36: 0 | E36: NA | F36: SR
B37: AgeCare Sagewood | C37: 54680.27 | D37: 109750 | E37: 0.49822569 | F37: SW
B38: AgeCare Seton | C38: 69457.45 | D38: 432500 | E38: 0.16059526 | F38: ST
B39: AgeCare SkyPointe | C39: 65021.44 | D39: 69950 | E39: 0.92954167 | F39: SP
B40: AgeCare Sunrise Gardens | C40: 63713.98 | D40: 241850 | E40: 0.2634442 | F40: SRG
B41: AgeCare Walden Heights | C41: 118130.89 | D41: 175700 | E41: 0.67234428 | F41: WH
B42: Bloom | C42: 1392673 | D42: 2710421 | E42: 0.51382167
B43: AgeCare Bow Crest | C43: 44291.55 | D43: 93150 | E43: 0.47548631 | F43: BBC | G43: BBC | H43: 0.47548631
B44: AgeCare Jasper Place | C44: 43879.08 | D44: 74050 | E44: 0.59256016 | F44: BJP | G44: BJP | H44: 0.59256016
B45: AgeCare McKenzie Towne | C45: 125593.56 | D45: 483200 | E45: 0.25992045 | F45: BMT | G45: BMT | H45: 0.25992045
B46: AgeCare Miller Crossing | C46: 164971.93 | D46: 148650 | E46: 1.1098011 | F46: BMC | G46: BMC | H46: 1.1098011
B47: AgeCare Mount Royal | C47: 37955.25 | D47: 75150 | E47: 0.50505988 | F47: BMR | G47: BMR | H47: 0.50505988
B48: AgeCare Riverview | C48: 53306.04 | D48: 417250 | E48: 0.12775564 | F48: BRV | G48: BRV | H48: 0.12775564
B49: AgeCare South Terrace | C49: 34018.38 | D49: 81450 | E49: 0.41765967 | F49: BST | G49: BST | H49: 0.41765967
B50: AgeCare Carlton | C50: 2098.73 | D50: 3900 | E50: 0.5381359 | F50: BCT | G50: BGW | H50: 0.63206256
B51: AgeCare Glenwarren | C51: 105080.4 | D51: 166250 | E51: 0.63206256 | F51: BGW | G51: BHR | H51: 1.3493816
B52: AgeCare Holyrood | C52: 99044.61 | D52: 73400 | E52: 1.3493816 | F52: BHR | G52: BJB | H52: 3.0327173
B53: AgeCare James Bay | C53: 250893.67 | D53: 82729 | E53: 3.0327173 | F53: BJB | G53: BLV | H53: 1.5745838
B54: AgeCare Lakeview | C54: 128564.77 | D54: 81650 | E54: 1.5745838 | F54: BLV | G54: BRC | H54: 0.30861358
... B57: AgeCare Sandringham | C57: 14693.76 | D57: 46150 | E57: 0.31839133 | F57: BSD | G57: BMS | H57: 1.4933947
B58: Total for IRIS | C58: 632568.26 | D58: 1691400 | E58: 0.37399093
B59: Aurora (IAR) | C59: 88135.53 | D59: 156100 | E59: 0.56460942 | F59: IAR | G59: IAM | H59: 0.19776771
B60: Aylmer (IAM) | C60: 32157.03 | D60: 162600 | E60: 0.19776771 | F60: IAM | G60: IAR | H60: 0.56460942
B61: Elmira (IEM) | C61: 46011.22 | D61: 95100 | E61: 0.48381935 | F61: IEM | G61: IEM | H61: 0.48381935
B62: London (ILD) | C62: 47932.31 | D62: 192700 | E62: 0.24874058 | F62: ILD | G62: ILD | H62: 0.24874058
B63: Parkhill (IPH) | C63: 11367.52 | D63: 45150 | E63: 0.25177231 | F63: IPH | G63: IPG | H63: 0.14542792
B64: Pine Grove (IPG) | C64: 24010.15 | D64: 165100 | E64: 0.14542792 | F64: IPG | G64: IPH | H64: 0.25177231
B65: Royal Oak (IRO) | C65: 259058.48 | D65: 206750 | E65: 1.2530035 | F65: IRO | G65: IRO | H65: 1.2530035
B66: Trilogy (ITL) | C66: 123896.02 | D66: 667900 | E66: 0.18550085 | F66: ITL | G66: ITL | H66: 0.18550085
B67: Total for REGENCY | C67: 955649.21 | D67: 2581300 | E67: 0.37022013
B68: Brant (RBR) | C68: 81748.22 | D68: 230300 | E68: 0.35496405 | F68: RBR | G68: RBR | H68: 0.35496405
B69: Glen Oaks (RGO) | C69: 206549.33 | D69: 308400 | E69: 0.66974491 | F69: RGO | G69: RGO | H69: 0.66974491
B70: Wenleigh (RWL) | C70: 158798.9 | D70: 203500 | E70: 0.78033857 | F70: RWL | G70: RSM | H70: 0.46312891
B71: Westbury (RWB) | C71: 103145.71 | D71: 321900 | E71: 0.3204278 | F71: RWB | G71: RWB | H71: 0.3204278
B72: West Williams (RWW) | C72: 94801 | D72: 502499.96 | E72: 0.18865872 | F72: RWW | G72: RWG | H72: 0.47464121
B73: Willowgrove (RWG) | C73: 106889.2 | D73: 225200 | E73: 0.47464121 | F73: RWG | G73: RWH | H73: 0.16596715
B74: Woodhaven (RWH) | C74: 90435.5 | D74: 544900 | E74: 0.16596715 | F74: RWH | G74: RWL | H74: 0.78033857
B75: Samac (RSM) | C75: 113281.35 | D75: 244600.04 | E75: 0.46312891 | F75: RSM | G75: RWW | H75: 0.18865872

Sheet Aug
B2: Actual | C2: CL | D2: GL | E2: MN | F2: OM | G2: VV | H2: HC | I2: SW | J2: ST | K2: SP | L2: SG | M2: WH | N2: BCM | O2: CPL | P2: MOM | Q2: MIM | R2: SR | S2: BBC | T2: BJP | U2: BMT | V2: BMC | W2: BMR | X2: BRV | Y2: BST | Z2: BGW | AA2: BHR | AB2: BJB | AC2: BLV | AD2: BRC | AE2: BSD | AF2: BCT | AG2: BMS | AH2: IAM | AI2: IAR | AJ2: IEM | AK2: ILD | AL2: IPG | AM2: IPH | AN2: IRO | AO2: ITL | AP2: RBR | AQ2: RGO | AR2: RSM | AS2: RWB | AT2: RWG | AU2: RWH | AV2: RWL | AW2: RWW | AX2: MGS | AY2: MBC | AZ2: MCG | BA2: MQG | BB2: MRG | BC2: MVF
B3: Sick Time | C3: 1349.86 | D3: 35614.57 | E3: 44595.26 | F3: 2135.02 | G3: 11200 | H3: 1969.55 | I3: 15315.11 | J3: 39924.79 | K3: 63433.85 | L3: 9733.13 | M3: 39745.07 | N3: 7866.14 | O3: 4622.94 | P3: 3344.76 | Q3: 15902.96 | R3: 612.9 | S3: 15724.33 | T3: 40212.2 | U3: 19786.85 | V3: 41279.52 | W3: 16837.02 | X3: 19493.13 | Y3: 30321.59 | Z3: 38448.19 | AA3: 18260.32 | AB3: 26824.11 | AC3: 17385.67 | AD3: 39854.25 | AE3: 5216.37 | AF3: 475.14 | AG3: 21.32 | AH3: 11612.56 | AI3: 28199.32 | AJ3: 12450.26 | AK3: 10198.61 | AL3: 21729.01 | AM3: 8243.42 | AN3: 20369.17 | AO3: 18816.39 | AP3: 25141.18 | AQ3: 36450.35 | AR3: 24745.62 | AS3: 34654.05 | AT3: 19624.75 | AU3: 22519.21 | AV3: 17900.5 | AW3: 24605.8 | AX3: 29064.04 | AY3: 14812.62 | AZ3: 25260 | BA3: 16575.92 | BB3: 24933.02 | BC3: 23666.97
B4: Overtime | C4: 1064.75 | D4: 11067.38 | E4: 23115.19 | F4: 1616.24 | G4: 5094.66 | H4: 45.77 | I4: 10221.19 | J4: 4933.52 | K4: 19058.67 | L4: 3572.81 | M4: 14507.74 | N4: 39074.56 | O4: 12949.63 | P4: 4405.05 | Q4: 42271.22 | R4: 0 | S4: 21062.55 | T4: 8697.42 | U4: 11826.02 | V4: 17199.37 | W4: 14413.63 | X4: 22001.4 | Y4: 8760.6 | Z4: 161223.71 | AA4: 23938.34 | AB4: 53094.13 | AC4: 34594.36 | AD4: 28288.34 | AE4: 5484.93 | AF4: 0 | AG4: 0 | AH4: 34558.82 | AI4: 107781.07 | AJ4: 6076.2 | AK4: 36319.86 | AL4: 36357.33 | AM4: 20643.91 | AN4: 92725.26 | AO4: 104740.83 | AP4: 72301.3 | AQ4: 118467.88 | AR4: 108482.18 | AS4: 51650.05 | AT4: 61736.15 | AU4: 168862.52 | AV4: 55570.45 | AW4: 81146.35 | AX4: 43974.7 | AY4: 97668.38 | AZ4: 23753.74 | BA4: 46015.99 | BB4: 57905.49 | BC4: 90478.84
B5: Purchased Hours | C5: 0 | D5: 17978.63 | E5: 50078 | F5: 0 | G5: 2208.28 | H5: 447540.57 | I5: 0 | J5: 16991.5 | K5: 29302.5 | L5: 0 | M5: 2002 | N5: 83487.37 | O5: 167821.06 | P5: 143809.26 | Q5: 199721.63 | R5: 534100.17 | S5: 1682.1 | T5: 5330.56 | U5: 36897.21 | V5: 0 | W5: 0 | X5: 1122.08 | Y5: 278.25 | Z5: 141430.78 | AA5: 136811.32 | AB5: 180311.53 | AC5: 226780.62 | AD5: 35825.98 | AE5: 72531.28 | AF5: 811649.4 | AG5: 860965.96 | AH5: 75300.06 | AI5: 181976.99 | AJ5: 12816.55 | AK5: 27952.19 | AL5: 78241.99 | AM5: 38951.06 | AN5: 182658.32 | AO5: 108006.44 | AP5: 70838.28 | AQ5: 49759.17 | AR5: 172650.59 | AS5: 44416.2 | AT5: 91952.76 | AU5: 239886.62 | AV5: 132544.73 | AW5: 91734.16 | AX5: 72460.6 | AY5: 59875.08 | AZ5: 186862.05 | BA5: 207928.81 | BB5: 35851.44 | BC5: 282134.55
B6: Supplies | C6: 402.73 | D6: 48601.32 | E6: 57836.77 | F6: 2092.68 | G6: 7894.32 | H6: 25472.8 | I6: 36737.96 | J6: 31010.39 | K6: 53628.24 | L6: 6037.64 | M6: 49781.18 | N6: 26790.84 | O6: 9746.69 | P6: 5977.9 | Q6: 17256.53 | R6: 2323.78 | S6: 28208.88 | T6: 23980.27 | U6: 34005.49 | V6: 44204.54 | W6: 17936.57 | X6: 13069.56 | Y6: 29395.33 | Z6: 20151.31 | AA6: 21935.33 | AB6: 25861.93 | AC6: 28696.53 | AD6: 30947.29 | AE6: 4399.74 | AF6: 18544.42 | AG6: 17274.92 | AH6: 6832.32 | AI6: 15732.29 | AJ6: -1117.52 | AK6: 2877.46 | AL6: 10450.06 | AM6: 3199.78 | AN6: 14346.16 | AO6: 23530.3 | AP6: 22606.15 | AQ6: 18339.42 | AR6: 9688.82 | AS6: 15424.35 | AT6: 10178.79 | AU6: 10343.89 | AV6: 12474.75 | AW6: 15785.26 | AX6: 24701.12 | AY6: 63305.7 | AZ6: 26560.46 | BA6: 16389.47 | BB6: 23710.4 | BC6: 17835.42
B7: CapEx | I7: 0.45663708 | J7: 0.23988747 | K7: 0.93 | L7: 0.26 | M7: 0.94 | N7: - | O7: - | P7: 7.28 | Q7: 0.56 | R7: - | S7: 0.58 | T7: 0.69 | U7: 0.41 | V7: 1.14 | W7: 0.56 | X7: 0.15 | Y7: 0.67 | Z7: 0.66 | AA7: 1.41 | AB7: 2.98 | AC7: 1.57 | AD7: 0.35 | AE7: 0.51 | AF7: 6.03 | AG7: 1.49 | AH7: 0.32261175 | AI7: 0.5859829 | AJ7: 0.78302892 | AK7: 0.27693254 | AL7: 0.17253386 | AM7: 0.25177231 | AN7: 1.3733 | AO7: 0.49994706 | AP7: 0.51024173 | AQ7: 0.70090616 | AR7: 0.82010342 | AS7: 0.54858052 | AT7: 0.94020759 | AU7: 0.16596715 | AV7: 0.9931202 | AW7: 0.25644945
B10: August Budget | C10: CL | D10: GL | E10: MN | F10: OM | G10: VV | H10: HC | I10: SW | J10: ST | K10: SP | L10: SG | M10: WH | N10: BCM | O10: CPL | P10: MOM | Q10: MIM | R10: SR | S10: BBC | T10: BJP | U10: BMT | V10: BMC | W10: BMR | X10: BRV | Y10: BST | Z10: BGW | AA10: BHR | AB10: BJB | AC10: BLV | AD10: BRC | AE10: BSD | AF10: BCT | AG10: BMS | AH10: IAM | AI10: IAR | AJ10: IEM | AK10: ILD | AL10: IPG | AM10: IPH | AN10: IRO | AO10: ITL | AP10: RBR | AQ10: RGO | AR10: RSM | AS10: RWB | AT10: RWG | AU10: RWH | AV10: RWL | AW10: RWW | AX10: MGS | AY10: MBC | AZ10: MCG | BA10: MQG | BB10: MRG | BC10: MVF
B11: Sick Time | I11: 21021.86 | J11: 40448.18 | K11: 65337.05 | L11: 10511.57 | M11: 38810.43 | N11: 16707.57 | O11: 8870.3 | P11: 7748.66 | Q11: 18825.58 | R11: 254.44 | S11: 11310.16 | T11: 9586.65 | U11: 14113.17 | V11: 14721.61 | W11: 8606.77 | X11: 10127.77 | Y11: 12218.69 | Z11: 9765.52 | AA11: 10089.3 | AB11: 8808.86 | AC11: 15054.47 | AD11: 16466.09 | AE11: 3488.11 | AF11: 0 | AG11: 396.88 | AH11: 7290.23 | AI11: 27548.18 | AJ11: 6783.21 | AK11: 13479.58 | AL11: 14337.59 | AM11: 9087.21 | AN11: 21910.61 | AO11: 24750.4 | AP11: 22268.18 | AQ11: 23288.18 | AR11: 23827.8 | AS11: 25908.84 | AT11: 21894.94 | AU11: 24130.68 | AV11: 21528.55 | AW11: 21110.22 | AX11: 22262.95 | AY11: 23126.5 | AZ11: 24276.71 | BA11: 18430.26 | BB11: 19970.57 | BC11: 22814.47
B12: Overtime | I12: 4247.26 | J12: 2169.3 | K12: 6839.54 | L12: 3191.28 | M12: 4191.48 | N12: 31844.78 | O12: 5222.52 | P12: 7603.66 | Q12: 31531.23 | R12: 0 | S12: 3633.07 | T12: 6938.04 | U12: 1990.48 | V12: 2317.3 | W12: 2845.05 | X12: 3575.56 | Y12: 2270.6 | Z12: 67233.77 | AA12: 57108.84 | AB12: 26030.81 | AC12: 38745.96 | AD12: 49773.42 | AE12: 8191.55 | AF12: 0 | AG12: 0 | AH12: 3014.3962 | AI12: 9344.2116 | AJ12: 2012.399 | AK12: 4898.4047 | AL12: 4934.1578 | AM12: 3175.1147 | AN12: 7855.288 | AO12: 8518.2667 | AP12: 9210.4172 | AQ12: 8519.5394 | AR12: 8682.8065 | AS12: 9474.9257 | AT12: 8077.4363 | AU12: 9904.4844 | AV12: 7501.1927 | AW12: 8478.1656 | AX12: 8325.0719 | AY12: 8159.4857 | AZ12: 10129.78 | BA12: 6540.2916 | BB12: 7091.4589 | BC12: 8233.3846
B13: Purchased Hours | I13: 0 | J13: 1600 | K13: 2695 | L13: 1600 | M13: 1666.63 | N13: 92379.84 | O13: 151244.54 | P13: 83029.69 | Q13: 240875.01 | R13: 510385.96 | S13: 0 | T13: 0 | U13: 0 | V13: 0 | W13: 0 | X13: 4800 | Y13: 0 | Z13: 87858.8 | AA13: 137699.58 | AB13: 190691.49 | AC13: 224503.7 | AD13: 60703.7 | AE13: 75719.57 | AF13: 792281.5 | AG13: 900923.51 | AH13: 7638.63 | AI13: 34110.38 | AJ13: 5558.83 | AK13: 11721.37 | AL13: 12080.11 | AM13: 7880.26 | AN13: 28238.23 | AO13: 24400.29 | AP13: 21499 | AQ13: 21546 | AR13: 20924.1 | AS13: 26061.41 | AT13: 26703.97 | AU13: 23695.14 | AV13: 22034.68 | AW13: 19403.98 | AX13: 25767.69 | AY13: 25942.55 | AZ13: 30987.45 | BA13: 16214.02 | BB13: 15881.28 | BC13: 20001.02
B14: SUPPLIES | I14: 24869.91 | J14: 33563.83 | K14: 61725.96 | L14: 3825.33 | M14: 37726.7 | N14: 19171.1 | O14: 13282.14 | P14: 8871.63 | Q14: 24761.1 | R14: 18209.52 | S14: 34578.26 | T14: 27391.97 | U14: 38576.51 | V14: 43429.81 | W14: 18769.68 | X14: 19708.08 | Y14: 30371.19 | Z14: 17085.62 | AA14: 21612.03 | AB14: 19504.32 | AC14: 26990.32 | AD14: 25936.29 | AE14: 7140.83 | AF14: 18125.34 | AG14: 25456.18 | AH14: 3741.33 | AI14: 6382.28 | AJ14: 1303.62 | AK14: 6059.64 | AL14: 5405.13 | AM14: 5817.28 | AN14: 9421.45 | AO14: 18648.33 | AP14: 11129.63 | AQ14: 11923.27 | AR14: 6892.44 | AS14: 13066.56 | AT14: 13156.58 | AU14: 13819.79 | AV14: 9766.11 | AW14: 9646.8 | AX14: 18392.94 | AY14: 25592.23 | AZ14: 21799.04 | BA14: 14532.7 | BB14: 14532.7 | BC14: 18165.87
B17: Variance | C17: CL | D17: GL | E17: MN | F17: OM | G17: VV | H17: HC | I17: SW | J17: ST | K17: SP | L17: SG | M17: WH | N17: BCM | O17: CPL | P17: MOM | Q17: MIM | R17: SR | S17: BBC | T17: BJP | U17: BMT | V17: BMC | W17: BMR | X17: BRV | Y17: BST | Z17: BGW | AA17: BHR | AB17: BJB | AC17: BLV | AD17: BRC | AE17: BSD | AF17: BCT | AG17: BMS | AH17: IAM | AI17: IAR | AJ17: IEM | AK17: ILD | AL17: IPG | AM17: IPH | AN17: IRO | AO17: ITL | AP17: RBR | AQ17: RGO | AR17: RSM | AS17: RWB | AT17: RWG | AU17: RWH | AV17: RWL | AW17: RWW | AX17: MGS | AY17: MBC | AZ17: MCG | BA17: MQG | BB17: MRG | BC17: MVF
B18: Sick Time | I18: 5706.75 | J18: 523.39 | K18: 1903.2 | L18: 778.44 | M18: -934.64 | N18: 8841.43 | O18: 4247.36 | P18: 4403.9 | Q18: 2922.62 | R18: -358.46 | S18: -4414.17 | T18: -30625.55 | U18: -5673.68 | V18: -26557.91 | W18: -8230.25 | X18: -9365.36 | Y18: -18102.9 | Z18: -28682.67 | AA18: -8171.02 | AB18: -18015.25 | AC18: -2331.2 | AD18: -23388.16 | AE18: -1728.26 | AF18: -475.14 | AG18: 375.56 | AH18: -4322.33 | AI18: -651.14 | AJ18: -5667.05 | AK18: 3280.97 | AL18: -7391.42 | AM18: 843.79 | AN18: 1541.44 | AO18: 5934.01 | AP18: -2873 | AQ18: -13162.17 | AR18: -917.82 | AS18: -8745.21 | AT18: 2270.19 | AU18: 1611.47 | AV18: 3628.05 | AW18: -3495.58 | AX18: -6801.09 | AY18: 8313.88 | AZ18: -983.29 | BA18: 1854.34 | BB18: -4962.45 | BC18: -852.5
B19: Overtime | I19: -5973.93 | J19: -2764.22 | K19: -12219.13 | L19: -381.53 | M19: -10316.26 | N19: -7229.78 | O19: -7727.11 | P19: 3198.61 | Q19: -10739.99 | R19: 0 | S19: -17429.48 | T19: -1759.38 | U19: -9835.54 | V19: -14882.07 | W19: -11568.58 | X19: -18425.84 | Y19: -6490 | Z19: -93989.94 | AA19: 33170.5 | AB19: -27063.32 | AC19: 4151.6 | AD19: 21485.08 | AE19: 2706.62 | AF19: 0 | AG19: 0 | AH19: -31544.424 | AI19: -98436.858 | AJ19: -4063.801 | AK19: -31421.455 | AL19: -31423.172 | AM19: -17468.795 | AN19: -84869.972 | AO19: -96222.563 | AP19: -63090.883 | AQ19: -109948.34 | AR19: -99799.373 | AS19: -42175.124 | AT19: -53658.714 | AU19: -158958.04 | AV19: -48069.257 | AW19: -72668.184 | AX19: -35649.628 | AY19: -89508.894 | AZ19: -13623.96 | BA19: -39475.698 | BB19: -50814.031 | BC19: -82245.455
B20: Purchased Hours | I20: 0 | J20: -15391.5 | K20: -26607.5 | L20: 1600 | M20: -335.37 | N20: 8892.47 | O20: -16576.52 | P20: -60779.57 | Q20: 41153.38 | R20: -23714.21 | S20: -1682.1 | T20: -5330.56 | U20: -36897.21 | V20: 0 | W20: 0 | X20: 3677.92 | Y20: -278.25 | Z20: -53571.98 | AA20: 888.26 | AB20: 10379.96 | AC20: -2276.92 | AD20: 24877.72 | AE20: 3188.29 | AF20: -19367.9 | AG20: 39957.55 | AH20: -67661.43 | AI20: -147866.61 | AJ20: -7257.72 | AK20: -16230.82 | AL20: -66161.88 | AM20: -31070.8 | AN20: -154420.09 | AO20: -83606.15 | AP20: -49339.28 | AQ20: -28213.17 | AR20: -151726.49 | AS20: -18354.79 | AT20: -65248.79 | AU20: -216191.48 | AV20: -110510.05 | AW20: -72330.18 | AX20: -46692.91 | AY20: -33932.53 | AZ20: -155874.6 | BA20: -191714.79 | BB20: -19970.16 | BC20: -262133.53
B21: SUPPLIES | I21: -11868.05 | J21: 2553.44 | K21: 8097.72 | L21: -2212.31 | M21: -12054.48 | N21: -7619.74 | O21: 3535.45 | P21: 2893.73 | Q21: 7504.57 | R21: 15885.74 | S21: 6369.38 | T21: 3411.7 | U21: 4571.02 | V21: -774.73 | W21: 833.11 | X21: 6638.52 | Y21: 975.86 | Z21: -3065.69 | AA21: -323.3 | AB21: -6357.61 | AC21: -1706.21 | AD21: -5011 | AE21: 2741.09 | AF21: -419.08 | AG21: 8181.26 | AH21: -3090.99 | AI21: -9350.01 | AJ21: 2421.14 | AK21: 3182.18 | AL21: -5044.93 | AM21: 2617.5 | AN21: -4924.71 | AO21: -4881.97 | AP21: -11476.52 | AQ21: -6416.15 | AR21: -2796.38 | AS21: -2357.79 | AT21: 2977.79 | AU21: 3475.9 | AV21: -2708.64 | AW21: -6138.46 | AX21: -6308.18 | AY21: -37713.47 | AZ21: -4761.42 | BA21: -1856.77 | BB21: -9177.7 | BC21: 330.45
B23: Compared to last
B24: Sick Time | C24: 2120.56 | D24: -2255.07 | E24: -10636.26 | F24: -2582.22 | G24: -4613.25 | H24: -65.4 | I24: 9411.54 | J24: 10938.14 | K24: 11300.47 | L24: 774.04 | M24: 3850.18 | N24: 2435.06 | O24: -15.24 | P24: 986.57 | Q24: -3296 | R24: 284.43 | S24: -460.44 | T24: -26016.4 | U24: -8143.34 | V24: -14979.84 | W24: 1815.65 | X24: -2027.39 | Y24: -10392.99 | Z24: -20232.26 | AA24: 7434.94 | AB24: -16586.05 | AC24: 20408.2 | AD24: -9454 | AE24: -3305.49 | AF24: -34.69 | AG24: 209.81 | AH24: -438.07 | AI24: -3039.68 | AJ24: -10719 | AK24: -4638.49 | AL24: -5573.51 | AM24: -1644.96 | AN24: -2886.05 | AO24: 3908.09 | AP24: -6862.89 | AQ24: -8641.37 | AR24: -5591.94 | AS24: -7089.64 | AT24: -4049.08 | AU24: -9681.16 | AV24: -4242.47 | AW24: -5734.66 | AX24: -4637.71 | AY24: -1642.49 | AZ24: -4404.13 | BA24: 7010.15 | BB24: -6927.09 | BC24: -8927.35
B25: Overtime | C25: 75.98 | D25: -5714.2 | E25: 14370.05 | F25: 1425.04 | G25: 4831.22 | H25: 251.04 | I25: -5660.75 | J25: 3607.96 | K25: 8853.65 | L25: 4983.12 | M25: -2717.86 | N25: 4402.39 | O25: -4441.61 | P25: 3745.26 | Q25: 4424.2 | R25: 0 | S25: 3561.31 | T25: -4156.16 | U25: -8004.6 | V25: -10361.61 | W25: -5987.72 | X25: -6503.58 | Y25: -407.44 | Z25: -74299.7 | AA25: 10129.09 | AB25: -19388.45 | AC25: 21039.36 | AD25: -1907.78 | AE25: 4683.21 | AF25: 0 | AG25: 0 | AH25: 1304.76 | AI25: -8858.14 | AJ25: 13290.23 | AK25: 6730.68 | AL25: 3216.19 | AM25: 2566.84 | AN25: 19568.98 | AO25: -710.55 | AP25: -1210.91 | AQ25: 4513.3 | AR25: 18506.85 | AS25: -12583.2 | AT25: -23325.81 | AU25: -2514.89 | AV25: 2759.81 | AW25: -6764.8 | AX25: -4921.96 | AY25: -79008.27 | AZ25: -2341.45 | BA25: -9640 | BB25: -5997.7 | BC25: 13121.12
B26: Purchased Hours | C26: 0 | D26: 5114.81 | E26: -8106 | F26: 0 | G26: 2296.12 | H26: -4974.92 | I26: 0 | J26: -13207.94 | K26: -10331.62 | L26: 0 | M26: 18111.46 | N26: -52477.22 | O26: -35175.25 | P26: -31219.43 | Q26: -120972.9 | R26: -36334.57 | S26: -1009.26 | T26: -5330.56 | U26: -14708.5 | V26: 0 | W26: 114.98 | X26: -407.08 | Y26: 0 | Z26: -13502.48 | AA26: -4026.48 | AB26: 40865.12 | AC26: -1316.57 | AD26: 11572.03 | AE26: 4246.21 | AF26: -9101.74 | AG26: 14273.19 | AH26: -10753.83 | AI26: -69020.02 | AJ26: -1751.84 | AK26: -9613.38 | AL26: 40409.63 | AM26: -8866.8 | AN26: 70213.39 | AO26: 158383.15 | AP26: 4886.38 | AQ26: 9636.42 | AR26: 133405.67 | AS26: -3568.04 | AT26: -32602.07 | AU26: -166267.2 | AV26: -95617.16 | AW26: -32532.48 | AX26: 206817.68 | AY26: 3401.28 | AZ26: -78767.29 | BA26: -36506.56 | BB26: -25367.84 | BC26: -167216.87
B27: Supplies | C27: 565.4 | D27: 6208.43 | E27: -6527.57 | F27: -331.18 | G27: -12.91 | H27: -7240.86 | I27: -1943.24 | J27: 11951.15 | K27: 28785.06 | L27: 52.81 | M27: -2141.67 | N27: -11371.26 | O27: -6656.56 | P27: -1543.72 | Q27: -12039.9 | R27: 14763.97 | S27: 1827.4 | T27: 622.47 | U27: -1736.57 | V27: 2897.5 | W27: -8145.2 | X27: 7181.81 | Y27: 678.98 | Z27: -6527.09 | AA27: -1874.04 | AB27: -3316.33 | AC27: -5555.52 | AD27: 4757.95 | AE27: 1305.24 | AF27: -2677.78 | AG27: 29892.06 | AH27: 6359.04 | AI27: -14341.2 | AJ27: 6731.45 | AK27: 7156.26 | AL27: 7754.78 | AM27: 2967.27 | AN27: -15707.73 | AO27: -7982.93 | AP27: -4404.64 | AQ27: 6608.26 | AR27: 26030.41 | AS27: 2230.18 | AT27: 8770.62 | AU27: 8313.89 | AV27: 4442.37 | AW27: 2417.16 | AX27: -5738.42 | AY27: -69004.57 | AZ27: -7131.29 | BA27: -2280.01 | BB27: -3800.49 | BC27: -2562.25
B29: NOTE: SG and SRG are the same
B31: Aster | C31: 628149.94 | D31: 1192750 | E31: 0.52664007
B32: AgeCare Brandt's Creek Mews | C32: - | D32: - | E32: NA | F32: BCM
B33: AgeCare Cariboo Place | C33: 7309.05 | D33: - | E33: NA | F33: CPL
B34: AgeCare Monashee Mews | C34: 21842.49 | D34: 3000 | E34: 7.28083 | F34: MOM
B35: AgeCare Mount Ida Mews | C35: 90307.57 | D35: 160000 | E35: 0.56442231 | F35: MIM
B36: AgeCare Sun Rivers | C36: 60244.12 | D36: - | E36: NA | F36: SR
B37: AgeCare Sagewood | C37: 50115.92 | D37: 109750 | E37: 0.45663708 | F37: SW
B38: AgeCare Seton | C38: 103751.33 | D38: 432500 | E38: 0.23988747 | F38: ST
B39: AgeCare SkyPointe | C39: 65021.44 | D39: 69950 | E39: 0.92954167 | F39: SP
B40: AgeCare Sunrise Gardens | C40: 63713.98 | D40: 241850 | E40: 0.2634442 | F40: SRG
B41: AgeCare Walden Heights | C41: 165844.04 | D41: 175700 | E41: 0.94390461 | F41: WH
B42: Bloom | C42: 1594637.6 | D42: 2710421 | E42: 0.58833576
B43: AgeCare Bow Crest | C43: 54204.6 | D43: 93150 | E43: 0.5819066 | F43: BBC
B44: AgeCare Jasper Place | C44: 50986.53 | D44: 74050 | E44: 0.68854193 | F44: BJP
B45: AgeCare McKenzie Towne | C45: 196057.31 | D45: 483200 | E45: 0.40574774 | F45: BMT
B46: AgeCare Miller Crossing | C46: 169943.41 | D46: 148650 | E46: 1.1432453 | F46: BMC
B47: AgeCare Mount Royal | C47: 42061.91 | D47: 75150 | E47: 0.55970605 | F47: BMR
B48: AgeCare Riverview | C48: 63853.71 | D48: 417250 | E48: 0.15303466 | F48: BRV
B49: AgeCare South Terrace | C49: 54784.39 | D49: 81450 | E49: 0.67261375 | F49: BST
B50: AgeCare Carlton | C50: 23529.47 | D50: 3900 | E50: 6.0331974 | F50: BCT
B51: AgeCare Glenwarren | C51: 109563.9 | D51: 166250 | E51: 0.65903098 | F51: BGW
B52: AgeCare Holyrood | C52: 103519.82 | D52: 73400 | E52: 1.4103518 | F52: BHR
B53: AgeCare James Bay | C53: 246133.33 | D53: 82729 | E53: 2.9751759 | F53: BJB
B54: AgeCare Lakeview | C54: 128564.77 | D54: 81650 | E54: 1.5745838 | F54: BLV
... B57: AgeCare Sandringham | C57: 23595.3 | D57: 46150 | E57: 0.51127411 | F57: BSD
B58: Total for IRIS | C58: 929456.83 | D58: 1691400 | E58: 0.54951923
B59: Aurora (IAR) | C59: 91471.93 | D59: 156100 | E59: 0.5859829 | F59: IAR | G59: IAM | H59: 0.32261175
B60: Aylmer (IAM) | C60: 52456.67 | D60: 162600 | E60: 0.32261175 | F60: IAM | G60: IAR | H60: 0.5859829
B61: Elmira (IEM) | C61: 74466.05 | D61: 95100 | E61: 0.78302892 | F61: IEM | G61: IEM | H61: 0.78302892
B62: London (ILD) | C62: 53364.9 | D62: 192700 | E62: 0.27693254 | F62: ILD | G62: ILD | H62: 0.27693254
B63: Parkhill (IPH) | C63: 11367.52 | D63: 45150 | E63: 0.25177231 | F63: IPH | G63: IPG | H63: 0.17253386
B64: Pine Grove (IPG) | C64: 28485.34 | D64: 165100 | E64: 0.17253386 | F64: IPG | G64: IPH | H64: 0.25177231
B65: Royal Oak (IRO) | C65: 283929.78 | D65: 206750 | E65: 1.3733 | F65: IRO | G65: IRO | H65: 1.3733
B66: Trilogy (ITL) | C66: 333914.64 | D66: 667900 | E66: 0.49994706 | F66: ITL | G66: ITL | H66: 0.49994706
B67: Total for REGENCY | C67: 1343989.6 | D67: 2581300 | E67: 0.52066384
B68: Brant (RBR) | C68: 117508.67 | D68: 230300 | E68: 0.51024173 | F68: RBR | G68: RBR | H68: 0.51024173
B69: Glen Oaks (RGO) | C69: 216159.46 | D69: 308400 | E69: 0.70090616 | F69: RGO | G69: RGO | H69: 0.70090616
B70: Wenleigh (RWL) | C70: 202099.96 | D70: 203500 | E70: 0.9931202 | F70: RWL | G70: RSM | H70: 0.82010342
B71: Westbury (RWB) | C71: 176588.07 | D71: 321900 | E71: 0.54858052 | F71: RWB | G71: RWB | H71: 0.54858052
B72: West Williams (RWW) | C72: 128865.84 | D72: 502499.96 | E72: 0.25644945 | F72: RWW | G72: RWG | H72: 0.94020759
B73: Willowgrove (RWG) | C73: 211734.75 | D73: 225200 | E73: 0.94020759 | F73: RWG | G73: RWH | H73: 0.16596715
B74: Woodhaven (RWH) | C74: 90435.5 | D74: 544900 | E74: 0.16596715 | F74: RWH | G74: RWL | H74: 0.9931202
B75: Samac (RSM) | C75: 200597.33 | D75: 244600.04 | E75: 0.82010342 | F75: RSM | G75: RWW | H75: 0.25644945

Sheet Sept
B2: Actual | C2: CL | D2: GL | E2: MN | F2: OM | G2: VV | H2: HC | I2: SW | J2: ST | K2: SP | L2: SG | M2: WH | N2: BCM | O2: CPL | P2: MOM | Q2: MIM | R2: SR | S2: BBC | T2: BJP | U2: BMT | V2: BMC | W2: BMR | X2: BRV | Y2: BST | Z2: BGW | AA2: BHR | AB2: BJB | AC2: BLV | AD2: BRC | AE2: BSD | AF2: BCT | AG2: BMS | AH2: IAM | AI2: IAR | AJ2: IEM | AK2: ILD | AL2: IPG | AM2: IPH | AN2: IRO | AO2: ITL | AP2: RBR | AQ2: RGO | AR2: RSM | AS2: RWB | AT2: RWG | AU2: RWH | AV2: RWL | AW2: RWW | AX2: MGS | AY2: MBC | AZ2: MCG | BA2: MQG | BB2: MRG | BC2: MVF
B3: Sick Time | C3: 3948.41 | D3: 28934.68 | E3: 41911.18 | F3: 2131.44 | G3: 8103.13 | H3: 942.57 | I3: 21509.25 | J3: 42725.67 | K3: 70218.75 | L3: 12404.77 | M3: 33909.74 | N3: 8050.95 | O3: 4028.94 | P3: 4334.02 | Q3: 6291.16 | R3: 162.4 | S3: 16588.93 | T3: 27872.61 | U3: 15872.21 | V3: 37032.29 | W3: 17122.41 | X3: 14652.96 | Y3: 19968.27 | Z3: 38793.71 | AA3: 23233.83 | AB3: 23670 | AC3: 31838.01 | AD3: 35929.19 | AE3: 5316.6 | AF3: 527.52 | AG3: 7.85 | AH3: 14266.14 | AI3: 39623.54 | AJ3: 6777.04 | AK3: 5906.88 | AL3: 22711.33 | AM3: 3631.51 | AN3: 16885.03 | AO3: 27285.54 | AP3: 26707.23 | AQ3: 34502.3 | AR3: 22577.95 | AS3: 27828.3 | AT3: 24865.28 | AU3: 20475.19 | AV3: 23860.47 | AW3: 27672.9 | AX3: 21933.39 | AY3: 25156.82 | AZ3: 21457.92 | BA3: 20760.39 | BB3: 30621.76 | BC3: 16055.9
B4: Overtime | C4: 874.97 | D4: 4237.83 | E4: 14239.96 | F4: 1120.17 | G4: 9139.41 | H4: 13.77 | I4: 5674.53 | J4: 6016.71 | K4: 12811.99 | L4: 6567.24 | M4: 6380.18 | N4: 28696.22 | O4: 13896.35 | P4: 3732.43 | Q4: 32402.37 | R4: 0 | S4: 18161.96 | T4: 6456.56 | U4: 5373.06 | V4: 6824.54 | W4: 8343 | X4: 17915.22 | Y4: 6947.3 | Z4: 100164.73 | AA4: 22150.98 | AB4: 23531.82 | AC4: 27652.04 | AD4: 19285.48 | AE4: 8461.69 | AF4: 0 | AG4: 0 | AH4: 26387.64 | AI4: 68581.87 | AJ4: 10698.68 | AK4: 43849.61 | AL4: 24402.32 | AM4: 29943.53 | AN4: 40672.15 | AO4: 107551.24 | AP4: 75483.31 | AQ4: 84496.85 | AR4: 142017.39 | AS4: 31068.87 | AT4: 73817.36 | AU4: 157610.16 | AV4: 70649.02 | AW4: 83956.16 | AX4: 39232.68 | AY4: 186036.23 | AZ4: 27562.93 | BA4: 39472.73 | BB4: 73834.76 | BC4: 68821.84
B5: Purchased Hours | C5: 223.44 | D5: 1564.75 | E5: 16972.5 | F5: 0 | G5: 3908.73 | H5: 438508.82 | I5: 0 | J5: 3968.48 | K5: 32520.93 | L5: 0 | M5: 7339.5 | N5: 47488.42 | O5: 160652.33 | P5: 148084.97 | Q5: 56682.33 | R5: 515205.75 | S5: 42 | T5: 15447.3 | U5: 51678.86 | V5: 0 | W5: 0 | X5: 5456.64 | Y5: 42 | Z5: 87681.12 | AA5: 185804.51 | AB5: 168381.31 | AC5: 313853.18 | AD5: 27479.48 | AE5: 74724.18 | AF5: 719322.61 | AG5: 841787.79 | AH5: 42604.95 | AI5: 90536.9 | AJ5: 22661.82 | AK5: 21584.54 | AL5: 46664.99 | AM5: 34820.49 | AN5: 122368.33 | AO5: 143447.38 | AP5: 74242.8 | AQ5: 105372.64 | AR5: 221180.67 | AS5: 36794.36 | AT5: 61781.75 | AU5: 79007.96 | AV5: 75149.07 | AW5: 49589.62 | AX5: 93899.31 | AY5: 67648.89 | AZ5: 88495.93 | BA5: 55340.73 | BB5: 18418.58 | BC5: 233155.17
B6: SUPPLIES | C6: 693.25 | D6: 43938.29 | E6: 49688.8 | F6: 2009.62 | G6: 6515.59 | H6: 15874.3 | I6: 9455.13 | J6: 35611.64 | K6: 75940.2 | L6: 2374.95 | M6: 43204.3 | N6: 14615.84 | O6: 11141.29 | P6: 8019.5 | Q6: 13826.94 | R6: 15687.94 | S6: 31182.1 | T6: 24451.12 | U6: 39612.6 | V6: 41121.36 | W6: 10709.95 | X6: 16541.43 | Y6: 29294.73 | Z6: 15232.36 | AA6: 27654.64 | AB6: 18725.92 | AC6: 26401.19 | AD6: 21571 | AE6: 3973.01 | AF6: 23351.21 | AG6: 19256.86 | AH6: 8856.55 | AI6: 10821.61 | AJ6: 6025.93 | AK6: 6060.97 | AL6: 18770.72 | AM6: 9855.76 | AN6: 8120.4 | AO6: 17018.05 | AP6: 31339.41 | AQ6: 14493.19 | AR6: 13244.17 | AS6: 18444.97 | AT6: 29251.59 | AU6: 26778.95 | AV6: 15725.11 | AW6: 11249.32 | AX6: 18889.48 | AY6: 25573.86 | AZ6: 25605.87 | BA6: 12111.3 | BB6: 13873.28 | BC6: 18491.51
A7: (for sept I first filled in 'RnM' and populated this from there, but going forward I should populate the monthly tab first | B7: Repairs & Maintenance | C7: 15054.59 | D7: 11210.41 | E7: 38201.7 | F7: 2231.1 | G7: 11419.3 | H7: 20335.9 | I7: 10185.56 | J7: 31909.44 | K7: 0 | L7: 3481.64 | M7: 41541.06 | N7: 15749.11 | O7: 35494.02 | P7: 7325.34 | Q7: 12966.48 | R7: 29304.15 | S7: 12810.57 | T7: 6417.5 | U7: 28568.13 | V7: 10218.7 | W7: 21615.64 | X7: 27359.07 | Y7: 24147.67 | Z7: 27757.86 | AA7: 10591.11 | AB7: 2785.18 | AC7: 40009.2 | AD7: 10218.4 | AE7: 8814.31 | AF7: 20078.91 | AG7: 13998.95 | AH7: -3186.51 | AI7: 17383.9 | AJ7: 10056.84 | AK7: 17856.18 | AL7: 7852.87 | AM7: 9581.29 | AN7: 14794.5 | AO7: 12965.37 | AP7: 5376.79 | AQ7: 16860.74 | AR7: 8402.12 | AS7: 16492.48 | AT7: 14709.57 | AU7: 20760.92 | AV7: 14610.74 | AW7: 6495.92 | AX7: 14410.12 | AY7: 56829.34 | AZ7: 0 | BA7: 19214 | BB7: 15004.39 | BC7: 42241.16
B8: CapEx | I8: 0.45663708 | J8: 0.28196751 | K8: 0.92954167 | L8: 0.29968476 | M8: 1.1486286 | N8: - | O8: - | P8: 7.28083 | Q8: 0.56442231 | R8: 0.8899211 | S8: 0.5819066 | T8: 0.68854193 | U8: 0.40574774 | V8: 1.3287135 | W8: 0.76043593 | X8: 0.15303466 | Y8: 0.67261375 | Z8: 0.69566977 | AA8: 1.4103518 | AB8: 4.1403026 | AC8: 5.349331 | AD8: 0.3677314 | AE8: 0.74739372 | AF8: 6.2565282 | AG8: 1.4933947 | AH8: 0.34894772 | AI8: 0.75363863 | AJ8: 0.64055825 | AK8: 0.31606694 | AL8: 0.24239945 | AM8: 0.28682813 | AN8: 1.3733 | AO8: 1.0346451 | AP8: 0.73226717 | AQ8: 0.77956112 | AR8: 1.499909 | AS8: 0.83935359 | AT8: 1.0721747 | AU8: 0.18068058 | AV8: 1.0365851 | AW8: 0.29657234
B9: Supplies (not funded) | AH9: 6290.04 | AI9: 10113.76 | AJ9: 6036.33 | AK9: 5517.07 | AL9: 4592.05 | AM9: 2807.12 | AN9: 11753.92 | AO9: 4851.61 | AP9: 11272.03 | AQ9: 9725.15 | AR9: 12053.74 | AS9: 15632.62 | AT9: 12320.04 | AU9: 9832.5 | AV9: 10107.83 | AW9: 8550.57 | AX9: 11466.08 | AY9: 10374.02 | AZ9: 13839.91 | BA9: 11266.55 | BB9: 4221.67 | BC9: 6218.25
B11: Sept Budget | I11: SW | J11: ST | K11: SP | L11: SG | M11: WH | N11: BCM | O11: CPL | P11: MOM | Q11: MIM | R11: SR | S11: BBC | T11: BJP | U11: BMT | V11: BMC | W11: BMR | X11: BRV | Y11: BST | Z11: BGW | AA11: BHR | AB11: BJB | AC11: BLV | AD11: BRC | AE11: BSD | AF11: BCT | AG11: BMS | AH11: IAM | AI11: IAR | AJ11: IEM | AK11: ILD | AL11: IPG | AM11: IPH | AN11: IRO | AO11: ITL | AP11: RBR | AQ11: RGO | AR11: RSM | AS11: RWB | AT11: RWG | AU11: RWH | AV11: RWL | AW11: RWW | AX11: MGS | AY11: MBC | AZ11: MCG | BA11: MQG | BB11: MRG | BC11: MVF
B12: Sick Time | I12: 20343.73 | J12: 39138.46 | K12: 63223.26 | L12: 10172.53 | M12: 37554.02 | N12: 16177.44 | O12: 8503.15 | P12: 7498.55 | Q12: 18179.26 | R12: 245.7 | S12: 10945.31 | T12: 9277.39 | U12: 13657.9 | V12: 14246.74 | W12: 8329.41 | X12: 9792.64 | Y12: 11814.39 | Z12: 9414.1 | AA12: 9762.76 | AB12: 8526.03 | AC12: 14550.03 | AD12: 15911.47 | AE12: 3359.43 | AF12: 0 | AG12: 396.36 | AH12: 7055.07 | AI12: 26659.51 | AJ12: 6580.79 | AK12: 13044.74 | AL12: 13875.09 | AM12: 8794.05 | AN12: 21203.82 | AO12: 23952.03 | AP12: 21576.74 | AQ12: 22536.95 | AR12: 23059.17 | AS12: 25073.08 | AT12: 21974.64 | AU12: 23352.26 | AV12: 20834.07 | AW12: 20429.28 | AX12: 21645.67 | AY12: 30178.16 | AZ12: 23491.87 | BA12: 17836.63 | BB12: 19327.58 | BC12: 22078.86
B13: Overtime | I13: 4112.82 | J13: 2099.33 | K13: 6618.92 | L13: 3088.34 | M13: 4056.28 | N13: 30817.52 | O13: 5140.84 | P13: 7358.38 | Q13: 30606.89 | R13: 0 | S13: 3515.86 | T13: 6714.22 | U13: 1926.27 | V13: 2242.54 | W13: 2753.28 | X13: 3460.22 | Y13: 2203.81 | Z13: 65064.76 | AA13: 55266.62 | AB13: 25191.11 | AC13: 37496.09 | AD13: 48167.83 | AE13: 7927.31 | AF13: 0 | AG13: 0 | AH13: 2929.6171 | AI13: 9056.7916 | AJ13: 1953.6788 | AK13: 4753.1806 | AL13: 4786.2244 | AM13: 3082.2016 | AN13: 7623.8683 | AO13: 8263.801 | AP13: 8928.9426 | AQ13: 8261.9092 | AR13: 8420.7724 | AS13: 9192.2482 | AT13: 8149.172 | AU13: 9605.6293 | AV13: 7272.3337 | AW13: 8220.9491 | AX13: 8070.8719 | AY13: 10508.52 | AZ13: 9819.2147 | BA13: 6347.7485 | BB13: 6877.3319 | BC13: 7987.6529
A14: (thrid party staffing for ACIL 'Budget' tab) | B14: Purchased Hours | C14: 256 | D14: 0 | E14: 0 | F14: 0 | G14: 11644.04 | H14: 426737.9 | I14: 0 | J14: 1600 | K14: 2695 | L14: 1600 | M14: 1666.63 | N14: 89497.8 | O14: 148766.22 | P14: 80584.64 | Q14: 236380.34 | R14: 496644.86 | S14: 0 | T14: 0 | U14: 0 | V14: 0 | W14: 0 | X14: 6000 | Y14: 0 | Z14: 87858.8 | AA14: 134599.4 | AB14: 185451.05 | AC14: 220143.29 | AD14: 60703.7 | AE14: 74568.37 | AF14: 771304.64 | AG14: 874631.06 | AH14: 7678.63 | AI14: 34220.38 | AJ14: 5581.33 | AK14: 11780.75 | AL14: 12140.11 | AM14: 7920.26 | AN14: 28338.23 | AO14: 24400.29 | AP14: 21608.38 | AQ14: 21651 | AR14: 21031.6 | AS14: 26178.29 | AT14: 26809.6 | AU14: 23815.14 | AV14: 22135.31 | AW14: 19503.98 | AX14: 25868.94 | AY14: 37541.32 | AZ14: 31107.45 | BA14: 16294.02 | BB14: 15961.28 | BC14: 20101.02
B15: SUPPLIES | I15: 24067.67 | J15: 32481.13 | K15: 59734.81 | L15: 3701.95 | M15: 36509.7 | N15: 18552.68 | O15: 12853.7 | P15: 8585.46 | Q15: 23962.36 | R15: 17622.12 | S15: 33462.81 | T15: 26508.35 | U15: 37332.1 | V15: 42028.84 | W15: 18164.21 | X15: 19072.31 | Y15: 29391.48 | Z15: 16534.47 | AA15: 20914.86 | AB15: 18875.15 | AC15: 26119.64 | AD15: 25099.66 | AE15: 6910.47 | AF15: 17540.65 | AG15: 24635.02 | AH15: 3620.65 | AI15: 6176.4 | AJ15: 1261.57 | AK15: 5864.17 | AL15: 5230.77 | AM15: 5629.63 | AN15: 9117.53 | AO15: 18046.77 | AP15: 10770.61 | AQ15: 11538.65 | AR15: 6670.11 | AS15: 12645.06 | AT15: 12732.18 | AU15: 13373.99 | AV15: 9451.08 | AW15: 9335.61 | AX15: 17799.62 | AY15: 33031.84 | AZ15: 21095.85 | BA15: 14063.9 | BB15: 14063.9 | BC15: 17579.87
B16: Repairs & Maintenance | C16: 42795 | D16: 27635.9 | E16: 44175.61 | F16: 9000 | G16: 9729 | H16: 22349.65 | I16: 16910 | J16: 34823.72 | K16: 59400.5 | L16: 8325 | M16: 52501.55 | N16: 24762 | O16: 15994 | P16: 11595 | Q16: 19041.66 | R16: 33868 | S16: 24110 | T16: 17612.11 | U16: 27616.77 | V16: 14350 | W16: 17215 | X16: 12668.33 | Y16: 20248 | Z16: 17880 | AA16: 19378.25 | AB16: 16827 | AC16: 22379.46 | AD16: 26058 | AE16: 12167 | AF16: 17905 | AG16: 17740 | AH16: 8297.11 | AI16: 12274.48 | AJ16: 15735.67 | AK16: 6182.33 | AL16: 7542.12 | AM16: 9003.84 | AN16: 11322.69 | AO16: 18340.75 | AP16: 10823.96 | AQ16: 12234.25 | AR16: 11260.18 | AS16: 10929.9 | AT16: 13028.8 | AU16: 23059.77 | AV16: 10894.47 | AW16: 8689.77 | AX16: 35983.55 | AY16: 51051.33 | AZ16: 0 | BA16: 9271.59 | BB16: 8489.69 | BC16: 22319.23
B17: Supplies (not funded) | AH17: 3160.27 | AI17: 8690.73 | AJ17: 4570.81 | AK17: 4691.02 | AL17: 4740.4 | AM17: 3160.27 | AN17: 7900.67 | AO17: 9727.7 | AP17: 8641.35 | AQ17: 8295.7 | AR17: 8493.22 | AS17: 9233.91 | AT17: 8345.08 | AU17: 9765.92 | AV17: 8093.5 | AW17: 7425.47 | AX17: 10025.47 | AY17: 11072.9 | AZ17: 11163.01 | BA17: 7032.96 | BB17: 7032.96 | BC17: 9391.85
B19: Variance | I19: SW | J19: ST | K19: SP | L19: SG | M19: WH | N19: BCM | O19: CPL | P19: MOM | Q19: MIM | R19: SR | S19: BBC | T19: BJP | U19: BMT | V19: BMC | W19: BMR | X19: BRV | Y19: BST | Z19: BGW | AA19: BHR | AB19: BJB | AC19: BLV | AD19: BRC | AE19: BSD | AF19: BCT | AG19: BMS | AH19: IAM | AI19: IAR | AJ19: IEM | AK19: ILD | AL19: IPG | AM19: IPH | AN19: IRO | AO19: ITL | AP19: RBR | AQ19: RGO | AR19: RSM | AS19: RWB | AT19: RWG | AU19: RWH | AV19: RWL | AW19: RWW | AX19: MGS | AY19: MBC | AZ19: MCG | BA19: MQG | BB19: MRG | BC19: MVF
B20: Sick Time | I20: -1165.52 | J20: -3587.21 | K20: -6995.49 | L20: -2232.24 | M20: 3644.28 | N20: 8126.49 | O20: 4474.21 | P20: 3164.53 | Q20: 11888.1 | R20: 83.3 | S20: -5643.62 | T20: -18595.22 | U20: -2214.31 | V20: -22785.55 | W20: -8793 | X20: -4860.32 | Y20: -8153.88 | Z20: -29379.61 | AA20: -13471.07 | AB20: -15143.97 | AC20: -17287.98 | AD20: -20017.72 | AE20: -1957.17 | AF20: -527.52 | AG20: 388.51 | AH20: -7211.07 | AI20: -12964.03 | AJ20: -196.25 | AK20: 7137.86 | AL20: -8836.24 | AM20: 5162.54 | AN20: 4318.79 | AO20: -3333.51 | AP20: -5130.49 | AQ20: -11965.35 | AR20: 481.22 | AS20: -2755.22 | AT20: -2890.64 | AU20: 2877.07 | AV20: -3026.4 | AW20: -7243.62 | AX20: -287.72 | AY20: 5021.34 | AZ20: 2033.95 | BA20: -2923.76 | BB20: -11294.18 | BC20: 6022.96
B21: Overtime | I21: -1561.71 | J21: -3917.38 | K21: -6193.07 | L21: -3478.9 | M21: -2323.9 | N21: 2121.3 | O21: -8755.51 | P21: 3625.95 | Q21: -1795.48 | R21: 0 | S21: -14646.1 | T21: 257.66 | U21: -3446.79 | V21: -4582 | W21: -5589.72 | X21: -14455 | Y21: -4743.49 | Z21: -35099.97 | AA21: 33115.64 | AB21: 1659.29 | AC21: 9844.05 | AD21: 28882.35 | AE21: -534.38 | AF21: 0 | AG21: 0 | AH21: -23458.023 | AI21: -59525.078 | AJ21: -8745.0012 | AK21: -39096.429 | AL21: -19616.096 | AM21: -26861.328 | AN21: -33048.282 | AO21: -99287.439 | AP21: -66554.367 | AQ21: -76234.941 | AR21: -133596.62 | AS21: -21876.622 | AT21: -65668.188 | AU21: -148004.53 | AV21: -63376.686 | AW21: -75735.211 | AX21: -31161.808 | AY21: -175527.71 | AZ21: -17743.715 | BA21: -33124.982 | BB21: -66957.428 | BC21: -60834.187
B22: Purchased Hours | C22: 32.56 | D22: - | E22: - | F22: 0 | G22: 7735.31 | H22: -11770.92 | I22: 0 | J22: -2368.48 | K22: -29825.93 | L22: 1600 | M22: -5672.87 | N22: 42009.38 | O22: -11886.11 | P22: -67500.33 | Q22: 179698.01 | R22: -18560.89 | S22: -42 | T22: -15447.3 | U22: -51678.86 | V22: 0 | W22: 0 | X22: 543.36 | Y22: -42 | Z22: 177.68 | AA22: -51205.11 | AB22: 17069.74 | AC22: -93709.89 | AD22: 33224.22 | AE22: -155.81 | AF22: 51982.03 | AG22: 32843.27 | AH22: -34926.32 | AI22: -56316.52 | AJ22: -17080.49 | AK22: -9803.79 | AL22: -34524.88 | AM22: -26900.23 | AN22: -94030.1 | AO22: -119047.09 | AP22: -52634.42 | AQ22: -83721.64 | AR22: -200149.07 | AS22: -10616.07 | AT22: -34972.15 | AU22: -55192.82 | AV22: -53013.76 | AW22: -30085.64 | AX22: -68030.37 | AY22: -30107.57 | AZ22: -57388.48 | BA22: -39046.71 | BB22: -2457.3 | BC22: -213054.15
B23: SUPPLIES | I23: 14612.54 | J23: -3130.51 | K23: -16205.39 | L23: 1327 | M23: -6694.6 | N23: 3936.84 | O23: 1712.41 | P23: 565.96 | Q23: 10135.42 | R23: 1934.18 | S23: 2280.71 | T23: 2057.23 | U23: -2280.5 | V23: 907.48 | W23: 7454.26 | X23: 2530.88 | Y23: 96.75 | Z23: 1302.11 | AA23: -6739.78 | AB23: 149.23 | AC23: -281.55 | AD23: 3528.66 | AE23: 2937.46 | AF23: -5810.56 | AG23: 5378.16 | AH23: -5235.9 | AI23: -4645.21 | AJ23: -4764.36 | AK23: -196.8 | AL23: -13539.95 | AM23: -4226.13 | AN23: 997.13 | AO23: 1028.72 | AP23: -20568.8 | AQ23: -2954.54 | AR23: -6574.06 | AS23: -5799.91 | AT23: -16519.41 | AU23: -13404.96 | AV23: -6274.03 | AW23: -1913.71 | AX23: -1089.86 | AY23: 7457.98 | AZ23: -4510.02 | BA23: 1952.6 | BB23: 190.62 | BC23: -911.64
B24: Repairs & Maintenance | C24: 27740.41 | D24: 16425.49 | E24: 5973.91 | F24: 6768.9 | G24: -1690.3 | H24: 2013.75 | I24: 6724.44 | J24: 2914.28 | K24: 59400.5 | L24: 4843.36 | M24: 10960.49 | N24: 9012.89 | O24: -19500.02 | P24: 4269.66 | Q24: 6075.18 | R24: 4563.85 | S24: 11299.43 | T24: 11194.61 | U24: -951.36 | V24: 4131.3 | W24: -4400.64 | X24: -14690.74 | Y24: -3899.67 | Z24: -9877.86 | AA24: 8787.14 | AB24: 14041.82 | AC24: -17629.74 | AD24: 15839.6 | AE24: 3352.69 | AF24: -2173.91 | AG24: 3741.05 | AH24: 11483.62 | AI24: -5109.42 | AJ24: 5678.83 | AK24: -11673.85 | AL24: -310.75 | AM24: -577.45 | AN24: -3471.81 | AO24: 5375.38 | AP24: 5447.17 | AQ24: -4626.49 | AR24: 2858.06 | AS24: -5562.58 | AT24: -1680.77 | AU24: 2298.85 | AV24: -3716.27 | AW24: 2193.85 | AX24: 21573.43 | AY24: -5778.01 | AZ24: 0 | BA24: -9942.41 | BB24: -6514.7 | BC24: -19921.93
B25: Supplies (not funded) | AH25: -3129.77 | AI25: -1423.03 | AJ25: -1465.52 | AK25: -826.05 | AL25: 148.35 | AM25: 353.15 | AN25: -3853.25 | AO25: 4876.09 | AP25: -2630.68 | AQ25: -1429.45 | AR25: -3560.52 | AS25: -6398.71 | AT25: -3974.96 | AU25: -66.58 | AV25: -2014.33 | AW25: -1125.1 | AX25: -1440.61 | AY25: 698.88 | AZ25: -2676.9 | BA25: -4233.59 | BB25: 2811.29 | BC25: 3173.6
B27: Compared to last
B28: Sick Time | C28: -2598.55 | D28: 6679.89 | E28: 2684.08 | F28: 3.58 | G28: 3096.87 | H28: 1026.98 | I28: -6194.14 | J28: -2800.88 | K28: -6784.9 | L28: -2671.64 | M28: 5835.33 | N28: -184.81 | O28: 594 | P28: -989.26 | Q28: 9611.8 | R28: 450.5 | S28: -864.6 | T28: 12339.59 | U28: 3914.64 | V28: 4247.23 | W28: -285.39 | X28: 4840.17 | Y28: 10353.32 | Z28: -345.52 | AA28: -4973.51 | AB28: 3154.11 | AC28: -14452.34 | AD28: 3925.06 | AE28: -100.23 | AF28: -52.38 | AG28: 13.47 | AH28: -2653.58 | AI28: -11424.22 | AJ28: 5673.22 | AK28: 4291.73 | AL28: -982.32 | AM28: 4611.91 | AN28: 3484.14 | AO28: -8469.15 | AP28: -1566.05 | AQ28: 1948.05 | AR28: 2167.67 | AS28: 6825.75 | AT28: -5240.53 | AU28: 2044.02 | AV28: -5959.97 | AW28: -3067.1 | AX28: 7130.65 | AY28: -10344.2 | AZ28: 3802.08 | BA28: -4184.47 | BB28: -5688.74 | BC28: 7611.07
B29: Overtime | C29: 189.78 | D29: 6829.55 | E29: 8875.23 | F29: 496.07 | G29: -4044.75 | H29: 32 | I29: 4546.66 | J29: -1083.19 | K29: 6246.68 | L29: -2994.43 | M29: 8127.56 | N29: 10378.34 | O29: -946.72 | P29: 672.62 | Q29: 9868.85 | R29: 0 | S29: 2900.59 | T29: 2240.86 | U29: 6452.96 | V29: 10374.83 | W29: 6070.63 | X29: 4086.18 | Y29: 1813.3 | Z29: 61058.98 | AA29: 1787.36 | AB29: 29562.31 | AC29: 6942.32 | AD29: 9002.86 | AE29: -2976.76 | AF29: 0 | AG29: 0 | AH29: 8171.18 | AI29: 39199.2 | AJ29: -4622.48 | AK29: -7529.75 | AL29: 11955.01 | AM29: -9299.62 | AN29: 52053.11 | AO29: -2810.41 | AP29: -3182.01 | AQ29: 33971.03 | AR29: -33535.21 | AS29: 20581.18 | AT29: -12081.21 | AU29: 11252.36 | AV29: -15078.57 | AW29: -2809.81 | AX29: 4742.02 | AY29: -88367.85 | AZ29: -3809.19 | BA29: 6543.26 | BB29: -15929.27 | BC29: 21657
B30: Purchased Hours | C30: -223.44 | D30: 16413.88 | E30: 33105.5 | F30: 0 | G30: -1700.45 | H30: 9031.75 | I30: 0 | J30: 13023.02 | K30: -3218.43 | L30: 0 | M30: -5337.5 | N30: 35998.95 | O30: 7168.73 | P30: -4275.71 | Q30: 143039.3 | R30: 18894.42 | S30: 1640.1 | T30: -10116.74 | U30: -14781.65 | V30: 0 | W30: 0 | X30: -4334.56 | Y30: 236.25 | Z30: 53749.66 | AA30: -48993.19 | AB30: 11930.22 | AC30: -87072.56 | AD30: 8346.5 | AE30: -2192.9 | AF30: 92326.79 | AG30: 19178.17 | AH30: 32695.11 | AI30: 91440.09 | AJ30: -9845.27 | AK30: 6367.65 | AL30: 31577 | AM30: 4130.57 | AN30: 60289.99 | AO30: -35440.94 | AP30: -3404.52 | AQ30: -55613.47 | AR30: -48530.08 | AS30: 7621.84 | AT30: 30171.01 | AU30: 160878.66 | AV30: 57395.66 | AW30: 42144.54 | AX30: -21438.71 | AY30: -7773.81 | AZ30: 98366.12 | BA30: 152588.08 | BB30: 17432.86 | BC30: 48979.38
B31: Supplies | C31: -290.52 | D31: 4663.03 | E31: 8147.97 | F31: 83.06 | G31: 1378.73 | H31: 9598.5 | I31: 27282.83 | J31: -4601.25 | K31: -22311.96 | L31: 3662.69 | M31: 6576.88 | N31: 12175 | O31: -1394.6 | P31: -2041.6 | Q31: 3429.59 | R31: -13364.16 | S31: -2973.22 | T31: -470.85 | U31: -5607.11 | V31: 3083.18 | W31: 7226.62 | X31: -3471.87 | Y31: 100.6 | Z31: 4918.95 | AA31: -5719.31 | AB31: 7136.01 | AC31: 2295.34 | AD31: 9376.29 | AE31: 426.73 | AF31: -4806.79 | AG31: -1981.94 | AH31: -2024.23 | AI31: 4910.68 | AJ31: -7143.45 | AK31: -3183.51 | AL31: -8320.66 | AM31: -6655.98 | AN31: 6225.76 | AO31: 6512.25 | AP31: -8733.26 | AQ31: 3846.23 | AR31: -3555.35 | AS31: -3020.62 | AT31: -19072.8 | AU31: -16435.06 | AV31: -3250.36 | AW31: 4535.94 | AX31: 5811.64 | AY31: 37731.84 | AZ31: 954.59 | BA31: 4278.17 | BB31: 9837.12 | BC31: -656.09
B32: Repairs & Maintenance
D37: TOTAL SPEND to Date 2025 | E37: Budget (FY) 2025 | K37: YTD Spend | M37: Left Dollars
B38: Bloom | D38: 1909033.4 | E38: 2656400 | F38: 0.71865433 | J38: ACIL
B39: AgeCare Bow Crest | C39: BBC | D39: 54204.6 | E39: 93150 | F39: 0.5819066 | J39: Aster AB | K39: 511381.11 | L39: 1029750 | M39: 518368.89
B40: AgeCare Jasper Place | C40: BJP | D40: 50986.53 | E40: 74050 | F40: 0.68854193 | J40: Aster BC | K40: 193067.49 | L40: 244947.04 | M40: 51879.55
B41: AgeCare McKenzie Towne | C41: BMT | D41: 196057.31 | E41: 483200 | F41: 0.40574774 | J41: Bloom AB | K41: 674546.56 | L41: 1372900 | M41: 698353.44
B42: AgeCare Miller Crossing | C42: BMC | D42: 197513.26 | E42: 148650 | F42: 1.3287135 | J42: Bloom BC | K42: 1234486.8 | L42: 1283500 | M42: 49013.21
B43: AgeCare Mount Royal | C43: BMR | D43: 57146.76 | E43: 75150 | F43: 0.76043593 | J43: Iris | K43: 1324144.7 | L43: 1691400 | M43: 367255.26
B44: AgeCare Riverview | C44: BRV | D44: 63853.71 | E44: 417250 | F44: 0.15303466 | J44: Regency | K44: 1746002.8 | L44: 2581300 | M44: 835297.24
B45: AgeCare South Terrace | C45: BST | D45: 54784.39 | E45: 81450 | F45: 0.67261375 | J45: Managed | K45: 0
B46: AgeCare Carlton | C46: BCT | D46: 24400.46 | E46: 3900 | F46: 6.2565282
B47: AgeCare Glenwarren | C47: BGW | D47: 115655.1 | E47: 166250 | F47: 0.69566977
B48: AgeCare Holyrood | C48: BHR | D48: 103519.82 | E48: 73400 | F48: 1.4103518
B49: AgeCare James Bay | C49: BJB | D49: 267877.58 | E49: 64700 | F49: 4.1403026
B50: AgeCare Lakeview | C50: BLV | D50: 356532.91 | E50: 66650 | F50: 5.349331
B51: AgeCare Malaspina | C51: BMS | D51: 19712.81 | E51: 13200 | F51: 1.4933947
B52: AgeCare Royal City | C52: BRC | D52: 312295.89 | E52: 849250 | F52: 0.3677314
B53: AgeCare Sandringham | C53: BSD | D53: 34492.22 | E53: 46150 | F53: 0.74739372
B54: Aster | D54: 704448.6 | E54: 1274697 | F54: 0.55264002
B55: AgeCare Brandt's Creek Mews | C55: BCM | D55: 681.98 | E55: 0 | F55: -
B56: AgeCare Cariboo Place | C56: CPL | D56: 7309.05 | E56: 0 | F56: -
B57: AgeCare Monashee Mews | C57: MOM | D57: 21842.49 | E57: 3000 | F57: 7.28083
B58: AgeCare Mount Ida Mews | C58: MIM | D58: 90307.57 | E58: 160000 | F58: 0.56442231
B59: AgeCare Sun Rivers | C59: SR | D59: 72926.4 | E59: 81947.04 | F59: 0.8899211
B60: AgeCare Sagewood | C60: SW | D60: 50115.92 | E60: 109750 | F60: 0.45663708
B61: AgeCare Seton | C61: ST | D61: 121950.95 | E61: 432500 | F61: 0.28196751
B62: AgeCare SkyPointe | C62: SP | D62: 65021.44 | E62: 69950 | F62: 0.92954167
B63: AgeCare Sunrise Gardens | C63: SRG | D63: 72478.76 | E63: 241850 | F63: 0.29968476
B64: AgeCare Walden Heights | C64: WH | D64: 201814.04 | E64: 175700 | F64: 1.1486286
B65: Iris | D65: 1324144.7 | E65: 1691400 | F65: 0.78286907
B66: Aurora (IAR) | C66: IAR | D66: 117642.99 | E66: 156100 | F66: 0.75363863
B67: Aylmer (IAM) | C67: IAM | D67: 56738.9 | E67: 162600 | F67: 0.34894772
B68: Elmira (IEM) | C68: IEM | D68: 60917.09 | E68: 95100 | F68: 0.64055825
B69: London (ILD) | C69: ILD | D69: 60906.1 | E69: 192700 | F69: 0.31606694
B70: Parkhill (IPH) | C70: IPH | D70: 12950.29 | E70: 45150 | F70: 0.28682813
B71: Pine Grove (IPG) | C71: IPG | D71: 40020.15 | E71: 165100 | F71: 0.24239945
B72: Royal Oak (IRO) | C72: IRO | D72: 283929.78 | E72: 206750 | F72: 1.3733
B73: Trilogy (ITL) | C73: ITL | D73: 691039.44 | E73: 667900 | F73: 1.0346451
B74: Regency | D74: 1746002.8 | E74: 2581300 | F74: 0.67640443
B75: Brant (RBR) | C75: RBR | D75: 168641.13 | E75: 230300 | F75: 0.73226717
B76: Glen Oaks (RGO) | C76: RGO | D76: 240416.65 | E76: 308400 | F76: 0.77956112
B77: Wenleigh (RWL) | C77: RWL | D77: 210945.07 | E77: 203500 | F77: 1.0365851
B78: Westbury (RWB) | C78: RWB | D78: 270187.92 | E78: 321900 | F78: 0.83935359
B79: West Williams (RWW) | C79: RWW | D79: 149027.59 | E79: 502499.96 | F79: 0.29657234
B80: Willowgrove (RWG) | C80: RWG | D80: 241453.75 | E80: 225200 | F80: 1.0721747
B81: Woodhaven (RWH) | C81: RWH | D81: 98452.85 | E81: 544900 | F81: 0.18068058
B82: Samac (RSM) | C82: RSM | D82: 366877.8 | E82: 244600.04 | F82: 1.499909

Sheet Oct
B2: Actual | C2: CL | D2: GL | E2: MN | F2: OM | G2: VV | H2: HC | I2: SW | J2: ST | K2: SP | L2: SG | M2: WH | N2: BCM | O2: CPL | P2: MOM | Q2: MIM | R2: SR | S2: BBC | T2: BJP | U2: BMT | V2: BMC | W2: BMR | X2: BRV | Y2: BST | Z2: BGW | AA2: BHR | AB2: BJB | AC2: BLV | AD2: BRC | AE2: BSD | AF2: BCT | AG2: BMS | AH2: IAM | AI2: IAR | AJ2: IEM | AK2: ILD | AL2: IPG | AM2: IPH | AN2: IRO | AO2: ITL | AP2: RBR | AQ2: RGO | AR2: RSM | AS2: RWB | AT2: RWG | AU2: RWH | AV2: RWL | AW2: RWW | AX2: MGS | AY2: MBC | AZ2: MCG | BA2: MQG | BB2: MRG | BC2: MVF
B3: Sick Time | C3: 8289.19 | D3: 34394.53 | E3: 66293.29 | F3: 2639.14 | G3: 5376.4 | H3: 7761.53 | I3: 22271.67 | J3: 41279.25 | K3: 66887.23 | L3: 18914.94 | M3: 30823.83 | N3: 10684.33 | O3: 1482.97 | P3: 1306.32 | Q3: 12191.52 | R3: 12.97 | S3: 19629 | T3: 17326.38 | U3: 18666.87 | V3: 37792.84 | W3: 18729.52 | X3: 13488.56 | Y3: 20895.41 | Z3: 29756.61 | AA3: 33810.88 | AB3: 21556.12 | AC3: 30684.08 | AD3: 25495.91 | AE3: 10875.8 | AF3: 292.88 | AG3: 17.64 | AH3: 10744 | AI3: 28592 | AJ3: 6555 | AK3: 8848 | AL3: 26584 | AM3: 11155 | AN3: 20917 | AO3: 19105 | AP3: 19358 | AQ3: 32702 | AR3: 17064 | AS3: 25838 | AT3: 27831 | AU3: 15443 | AV3: 26252 | AW3: 15929 | AX3: 21317 | AY3: 21349 | AZ3: -1024 | BA3: 17326 | BB3: 12358 | BC3: 18915
B4: Overtime | C4: 606.51 | D4: 5100.52 | E4: 25191.11 | F4: 2022.11 | G4: 6865.4 | H4: 38.7 | I4: 9081.58 | J4: 2801.91 | K4: 8890.6 | L4: 10021.6 | M4: 2459.31 | N4: 20472.93 | O4: 15202.56 | P4: 7092.41 | Q4: 48080.24 | R4: 0 | S4: 26880.81 | T4: 3472.52 | U4: 4945.94 | V4: 4688.58 | W4: 3795.4 | X4: 13577.51 | Y4: 9583.82 | Z4: 88193.61 | AA4: 30259.22 | AB4: 28516.36 | AC4: 29430.19 | AD4: 14802.28 | AE4: 9574.51 | AF4: 0 | AG4: 0 | AH4: 26864 | AI4: 79473 | AJ4: 16359 | AK4: 35708 | AL4: 28002 | AM4: 26736 | AN4: 19977 | AO4: 86532 | AP4: 56274 | AQ4: 11413 | AR4: 92840 | AS4: 29229 | AT4: 60130 | AU4: 142000 | AV4: 78392 | AW4: 78773 | AX4: 46001 | AY4: 229716 | AZ4: -2265 | BA4: 26304 | BB4: 59715 | BC4: 73147
B5: Purchased Hours | C5: 52.5 | D5: 22027.86 | E5: 17392 | F5: 52.5 | G5: 7949.13 | H5: 464464.77 | I5: 52.5 | J5: 1715.65 | K5: 7482.57 | L5: 0 | M5: 9080.18 | N5: 78496.14 | O5: 88343.36 | P5: 104156.98 | Q5: 182056.58 | R5: 541207.35 | S5: 0 | T5: 537.81 | U5: 75776.88 | V5: 52.5 | W5: 123.9 | X5: 52.5 | Y5: 278.25 | Z5: 174302.79 | AA5: 139955.59 | AB5: 159442.52 | AC5: 207403.76 | AD5: 27440.66 | AE5: 53418.13 | AF5: 832349.65 | AG5: 951988.3 | AH5: 39471 | AI5: 109895 | AJ5: 16132 | AK5: 82303 | AL5: 85261 | AM5: 20968 | AN5: 68825 | AO5: 253859 | AP5: 59194 | AQ5: 33250 | AR5: 236050 | AS5: 63043 | AT5: 52912 | AU5: 170619 | AV5: 151942 | AW5: 42920 | AX5: 59989 | AY5: 219989 | AZ5: 9798 | BA5: 33827 | BB5: 31939 | BC5: 166187
B6: SUPPLIES | C6: 742.6 | D6: 50026.29 | E6: 73254.29 | F6: 1080.47 | G6: 6971.92 | H6: 12166.77 | I6: 46743.94 | J6: 40578.28 | K6: 48897.52 | L6: 7285.24 | M6: 66257.66 | N6: 15526.36 | O6: 10873.55 | P6: 6059.66 | Q6: 18452.36 | R6: 17359.26 | S6: 29297.59 | T6: 21414.52 | U6: 35941.45 | V6: 40423.54 | W6: 12018.58 | X6: 15492.77 | Y6: 29129.41 | Z6: 27907.47 | AA6: 21656.84 | AB6: 21888.45 | AC6: 25353.01 | AD6: 33053.57 | AE6: 7210.02 | AF6: 15713.88 | AG6: 27062.84 | AH6: 7154 | AI6: 10701 | AJ6: 15057 | AK6: 7661 | AL6: 20178 | AM6: 6660 | AN6: 9902 | AO6: 18998 | AP6: 22759 | AQ6: 13782 | AR6: 18645 | AS6: 19209 | AT6: 15739 | AU6: 22998 | AV6: 12318 | AW6: 17440 | AX6: 23948 | AY6: 9926 | AZ6: -6190 | BA6: 17498 | BB6: 14156 | BC6: 15395
B7: Repairs & Maintenance | C7: 11519.01 | D7: 34626.6 | E7: 91893.41 | F7: 8485.73 | G7: 16976.36 | H7: 31096.88 | I7: 7200.48 | J7: 36380.3 | K7: 38270.64 | L7: 45279.94 | M7: 44972.07 | N7: 22982.19 | O7: 12119.11 | P7: 8957.88 | Q7: 14577.56 | R7: 30100.98 | S7: 12452.06 | T7: 12126.79 | U7: 24986.56 | V7: 21108.49 | W7: 23109.49 | X7: 18115.74 | Y7: 15151.82 | Z7: 25686.38 | AA7: 15307.7 | AB7: 7852.02 | AC7: 18720.27 | AD7: 20226.74 | AE7: 10183.57 | AF7: 20324.97 | AG7: 30415.63 | AH7: 17907.64 | AI7: 156556.83 | AJ7: 49052.28 | AK7: 91682.7 | AL7: 33113.55 | AM7: 21569.36 | AN7: 27913 | AO7: 46380.98 | AP7: 207018.89 | AQ7: 35764.89 | AR7: 39996.17 | AS7: 57558.47 | AT7: 122877.1 | AU7: 12918.71 | AV7: 67743.21 | AW7: 20485.3 | AX7: 27486.46 | AY7: 26514 | AZ7: 14183.79 | BA7: 19953.98 | BB7: 7743.35 | BC7: 23056.41
A8: From capex data below | B8: CapEx | I8: 0.65610952 | J8: 0.76854449 | K8: 1.1956163 | L8: 0.3038437 | M8: 1.1667541 | N8: - | O8: - | P8: 7.28083 | Q8: 0.57636475 | R8: 1.5217475 | S8: 0.95380118 | T8: 0.68854193 | U8: 0.50139944 | V8: 1.3287135 | W8: 0.91200399 | X8: 0.15628961 | Y8: 0.61828975 | Z8: 0.70539609 | AA8: 1.4103518 | AB8: 4.2320467 | AC8: 5.3780077 | AD8: 0.42847239 | AE8: 0.74739372 | AF8: 6.8451564 | AG8: 1.4933947 | AH8: 0.45948641 | AI8: 0.79718264 | AJ8: 0.8478307 | AK8: 0.46085091 | AL8: 0.24239945 | AM8: 1.2599584 | AN8: 1.3879678 | AO8: 1.0436627 | AP8: 0.73226717 | AQ8: 0.94457753 | AR8: 1.5246032 | AS8: 0.87088978 | AT8: 1.1582587 | AU8: 0.5308886 | AV8: 1.1400405 | AW8: 0.46009411
A9: ON only | B9: Supplies (not funded) | AH9: 6200 | AI9: 12205 | AJ9: 6595 | AK9: 6581 | AL9: 8171 | AM9: 3836 | AN9: 11683 | AO9: 10284 | AP9: 10245 | AQ9: 6442 | AR9: 9016 | AS9: 6771 | AT9: 10019 | AU9: 9634 | AV9: 5303 | AW9: 7112 | AX9: 17011 | AY9: 9449 | AZ9: 0 | BA9: 9630 | BB9: 11538 | BC9: 14032
B11: Oct Budget | C11: CL | D11: GL | E11: MN | F11: OM | G11: VV | H11: HC | I11: SW | J11: ST | K11: SP | L11: SG | M11: WH | N11: BCM | O11: CPL | P11: MOM | Q11: MIM | R11: SR | S11: BBC | T11: BJP | U11: BMT | V11: BMC | W11: BMR | X11: BRV | Y11: BST | Z11: BGW | AA11: BHR | AB11: BJB | AC11: BLV | AD11: BRC | AE11: BSD | AF11: BCT | AG11: BMS | AH11: IAM | AI11: IAR | AJ11: IEM | AK11: ILD | AL11: IPG | AM11: IPH | AN11: IRO | AO11: ITL | AP11: RBR | AQ11: RGO | AR11: RSM | AS11: RWB | AT11: RWG | AU11: RWH | AV11: RWL | AW11: RWW | AX11: MGS | AY11: MBC | AZ11: MCG | BA11: MQG | BB11: MRG | BC11: MVF
B12: Sick Time | I12: 21021.86 | J12: 40448.18 | K12: 65337.05 | L12: 10511.57 | M12: 38810.43 | N12: 16707.57 | O12: 8870.3 | P12: 7748.66 | Q12: 18825.58 | R12: 254.44 | S12: 11310.16 | T12: 9586.65 | U12: 14113.17 | V12: 14721.61 | W12: 8606.77 | X12: 10127.77 | Y12: 12218.69 | Z12: 9765.52 | AA12: 10089.3 | AB12: 8808.86 | AC12: 15054.47 | AD12: 16466.09 | AE12: 3488.11 | AF12: 0 | AG12: 396.88 | AH12: 7290.23 | AI12: 27548.18 | AJ12: 6783.21 | AK12: 13479.58 | AL12: 14337.59 | AM12: 9087.21 | AN12: 21910.61 | AO12: 24750.4 | AP12: 22295.97 | AQ12: 23288.18 | AR12: 23827.8 | AS12: 25908.84 | AT12: 21779.84 | AU12: 24130.68 | AV12: 21528.55 | AW12: 21110.22 | AX12: 22367.18 | AY12: 31177.89 | AZ12: 24334.14 | BA12: 18430.26 | BB12: 19970.57 | BC12: 22814.47
B13: Overtime | I13: 4247.26 | J13: 2169.3 | K13: 6839.54 | L13: 3191.28 | M13: 4191.48 | N13: 31844.78 | O13: 5222.52 | P13: 7603.66 | Q13: 31531.23 | R13: 0 | S13: 3633.07 | T13: 6938.04 | U13: 1990.48 | V13: 2317.3 | W13: 2845.05 | X13: 3575.56 | Y13: 2270.6 | Z13: 67233.77 | AA13: 57108.84 | AB13: 26030.81 | AC13: 38745.96 | AD13: 49773.42 | AE13: 8191.55 | AF13: 0 | AG13: 0 | AH13: 3244.0219 | AI13: 6695.5286 | AJ13: 2105.5494 | AK13: 4890.6533 | AL13: 4213.636 | AM13: 2681.4517 | AN13: 6951.4206 | AO13: 8888.5758 | AP13: 8203.0375 | AQ13: 8024.8813 | AR13: 6837.8966 | AS13: 9940.3734 | AT13: 8222.0438 | AU13: 9294.9416 | AV13: 7352.0062 | AW13: 8808.8497 | AX13: 7512.1703 | AY13: 12781.995 | AZ13: -57.97596 | BA13: 6254.6942 | BB13: 7207.5985 | BC13: 7412.8278
A14: (thrid party staffing for ACIL 'Budget' tab) | B14: Purchased Hours | I14: 0 | J14: 1600 | K14: 2695 | L14: 1600 | M14: 1666.63 | N14: 92379.84 | O14: 151244.54 | P14: 83029.69 | Q14: 240875.01 | R14: 510385.96 | S14: 0 | T14: 0 | U14: 0 | V14: 0 | W14: 0 | X14: 4800 | Y14: 0 | Z14: 87858.8 | AA14: 137699.58 | AB14: 190691.49 | AC14: 224503.7 | AD14: 60703.7 | AE14: 75719.57 | AF14: 792281.5 | AG14: 901623.09 | AH14: 7678.63 | AI14: 34220.38 | AJ14: 5581.33 | AK14: 11780.75 | AL14: 12140.11 | AM14: 7920.26 | AN14: 28338.23 | AO14: 24400.29 | AP14: 21608.38 | AQ14: 21651 | AR14: 21031.6 | AS14: 26178.29 | AT14: 26809.6 | AU14: 23815.14 | AV14: 22135.31 | AW14: 19503.98 | AX14: 25623.94 | AY14: 37541.32 | AZ14: 31107.45 | BA14: 16294.02 | BB14: 15961.28 | BC14: 20101.02
B15: SUPPLIES | I15: 24869.91 | J15: 33563.83 | K15: 61725.96 | L15: 3825.33 | M15: 37726.7 | N15: 19171.1 | O15: 13282.14 | P15: 8871.63 | Q15: 24761.1 | R15: 18209.52 | S15: 34578.26 | T15: 27391.97 | U15: 38576.51 | V15: 43429.81 | W15: 18769.68 | X15: 19708.08 | Y15: 30371.19 | Z15: 17085.62 | AA15: 21612.03 | AB15: 19504.32 | AC15: 26990.32 | AD15: 25936.29 | AE15: 7140.83 | AF15: 18125.34 | AG15: 25456.18 | AH15: 3741.33 | AI15: 6382.28 | AJ15: 1303.62 | AK15: 6059.64 | AL15: 5405.13 | AM15: 5817.28 | AN15: 9421.45 | AO15: 18648.33 | AP15: 11129.63 | AQ15: 11923.27 | AR15: 6892.44 | AS15: 13066.56 | AT15: 13156.58 | AU15: 13819.79 | AV15: 9766.11 | AW15: 9646.8 | AX15: 18392.94 | AY15: 34132.9 | AZ15: 21799.04 | BA15: 14532.7 | BB15: 14532.7 | BC15: 18165.87
B16: Repairs & Maintenance | C16: 12445 | D16: 45640.9 | E16: 94630.61 | F16: 9000 | G16: 11353 | H16: 26340.65 | I16: 16910 | J16: 39850 | K16: 42900.5 | L16: 8325 | M16: 35026.99 | N16: 24762 | O16: 16494 | P16: 11595 | Q16: 19041.66 | R16: 33868 | S16: 24110 | T16: 17612.11 | U16: 27116.77 | V16: 14350 | W16: 17215 | X16: 12668.33 | Y16: 20248 | Z16: 17880 | AA16: 19378.25 | AB16: 16827 | AC16: 16070 | AD16: 21125 | AE16: 12167 | AF16: 17505 | AG16: 19686 | AH16: 7194.17 | AI16: 18380.69 | AJ16: 14165.47 | AK16: 8444.14 | AL16: 11676.18 | AM16: 8221.03 | AN16: 16688.93 | AO16: 15798.27 | AP16: 15473.92 | AQ16: 14482.46 | AR16: 13868.48 | AS16: 14197.21 | AT16: 12419.45 | AU16: 15054.35 | AV16: 11970 | AW16: 10388.37 | AX16: 36900.43 | AY16: 55475.06 | AZ16: 35024.84 | BA16: 9044.41 | BB16: 8708.3 | BC16: 21564.53
A17: ON only | B17: Supplies (not funded) | AH17: 3265.61 | AI17: 8980.43 | AJ17: 4723.17 | AK17: 4847.39 | AL17: 4898.41 | AM17: 3265.61 | AN17: 8164.02 | AO17: 10051.95 | AP17: 8929.41 | AQ17: 8572.22 | AR17: 8776.33 | AS17: 9541.7 | AT17: 8623.25 | AU17: 10091.45 | AV17: 8363.27 | AW17: 7672.98 | AX17: 10359.65 | AY17: 11442 | AZ17: 11535.11 | BA17: 7267.39 | BB17: 7267.39 | BC17: 9704.9
B19: Variance | I19: SW | J19: ST | K19: SP | L19: SG | M19: WH | N19: BCM | O19: CPL | P19: MOM | Q19: MIM | R19: SR | S19: BBC | T19: BJP | U19: BMT | V19: BMC | W19: BMR | X19: BRV | Y19: BST | Z19: BGW | AA19: BHR | AB19: BJB | AC19: BLV | AD19: BRC | AE19: BSD | AF19: BCT | AG19: BMS | AH19: IAM | AI19: IAR | AJ19: IEM | AK19: ILD | AL19: IPG | AM19: IPH | AN19: IRO | AO19: ITL | AP19: RBR | AQ19: RGO | AR19: RSM | AS19: RWB | AT19: RWG | AU19: RWH | AV19: RWL | AW19: RWW | AX19: MGS | AY19: MBC | AZ19: MCG | BA19: MQG | BB19: MRG | BC19: MVF
B20: Sick Time | I20: -1249.81 | J20: -831.07 | K20: -1550.18 | L20: -8403.37 | M20: 7986.6 | N20: 6023.24 | O20: 7387.33 | P20: 6442.34 | Q20: 6634.06 | R20: 241.47 | S20: -8318.84 | T20: -7739.73 | U20: -4553.7 | V20: -23071.23 | W20: -10122.75 | X20: -3360.79 | Y20: -8676.72 | Z20: -19991.09 | AA20: -23721.58 | AB20: -12747.26 | AC20: -15629.61 | AD20: -9029.82 | AE20: -7387.69 | AF20: -292.88 | AG20: 379.24 | AH20: -3453.77 | AI20: -1043.82 | AJ20: 228.21 | AK20: 4631.58 | AL20: -12246.41 | AM20: -2067.79 | AN20: 993.61 | AO20: 5645.4 | AP20: 2937.97 | AQ20: -9413.82 | AR20: 6763.8 | AS20: 70.84 | AT20: -6051.16 | AU20: 8687.68 | AV20: -4723.45 | AW20: 5181.22 | AX20: 1050.18 | AY20: 9828.89 | AZ20: 25358.14 | BA20: 1104.26 | BB20: 7612.57 | BC20: 3899.47
B21: Overtime | I21: -4834.32 | J21: -632.61 | K21: -2051.06 | L21: -6830.32 | M21: 1732.17 | N21: 11371.85 | O21: -9980.04 | P21: 511.25 | Q21: -16549.01 | R21: 0 | S21: -23247.74 | T21: 3465.52 | U21: -2955.46 | V21: -2371.28 | W21: -950.35 | X21: -10001.95 | Y21: -7313.22 | Z21: -20959.84 | AA21: 26849.62 | AB21: -2485.55 | AC21: 9315.77 | AD21: 34971.14 | AE21: -1382.96 | AF21: 0 | AG21: 0 | AH21: -23619.978 | AI21: -72777.471 | AJ21: -14253.451 | AK21: -30817.347 | AL21: -23788.364 | AM21: -24054.548 | AN21: -13025.579 | AO21: -77643.424 | AP21: -48070.962 | AQ21: -3388.1187 | AR21: -86002.103 | AS21: -19288.627 | AT21: -51907.956 | AU21: -132705.06 | AV21: -71039.994 | AW21: -69964.15 | AX21: -38488.83 | AY21: -216934.01 | AZ21: 2207.024 | BA21: -20049.306 | BB21: -52507.401 | BC21: -65734.172
B22: Purchased Hours | C22: -52.5 | D22: - | E22: - | F22: -52.5 | G22: -7949.13 | H22: -464464.77 | I22: -52.5 | J22: -115.65 | K22: -4787.57 | L22: 1600 | M22: -7413.55 | N22: 13883.7 | O22: 62901.18 | P22: -21127.29 | Q22: 58818.43 | R22: -30821.39 | S22: 0 | T22: -537.81 | U22: -75776.88 | V22: -52.5 | W22: -123.9 | X22: 4747.5 | Y22: -278.25 | Z22: -86443.99 | AA22: -2256.01 | AB22: 31248.97 | AC22: 17099.94 | AD22: 33263.04 | AE22: 22301.44 | AF22: -40068.15 | AG22: -50365.21 | AH22: -31792.37 | AI22: -75674.62 | AJ22: -10550.67 | AK22: -70522.25 | AL22: -73120.89 | AM22: -13047.74 | AN22: -40486.77 | AO22: -229458.71 | AP22: -37585.62 | AQ22: -11599 | AR22: -215018.4 | AS22: -36864.71 | AT22: -26102.4 | AU22: -146803.86 | AV22: -129806.69 | AW22: -23416.02 | AX22: -34365.06 | AY22: -182447.68 | AZ22: 21309.45 | BA22: -17532.98 | BB22: -15977.72 | BC22: -146085.98
B23: SUPPLIES | I23: -21874.03 | J23: -7014.45 | K23: 12828.44 | L23: -3459.91 | M23: -28530.96 | N23: 3644.74 | O23: 2408.59 | P23: 2811.97 | Q23: 6308.74 | R23: 850.26 | S23: 5280.67 | T23: 5977.45 | U23: 2635.06 | V23: 3006.27 | W23: 6751.1 | X23: 4215.31 | Y23: 1241.78 | Z23: -10821.85 | AA23: -44.81 | AB23: -2384.13 | AC23: 1637.31 | AD23: -7117.28 | AE23: -69.19 | AF23: 2411.46 | AG23: -1606.66 | AH23: -3412.67 | AI23: -4318.72 | AJ23: -13753.38 | AK23: -1601.36 | AL23: -14772.87 | AM23: -842.72 | AN23: -480.55 | AO23: -349.67 | AP23: -11629.37 | AQ23: -1858.73 | AR23: -11752.56 | AS23: -6142.44 | AT23: -2582.42 | AU23: -9178.21 | AV23: -2551.89 | AW23: -7793.2 | AX23: -5555.06 | AY23: 24206.9 | AZ23: 27989.04 | BA23: -2965.3 | BB23: 376.7 | BC23: 2770.87
B24: Repairs & Maintenance | C24: 925.99 | D24: 11014.3 | E24: 2737.2 | F24: 514.27 | G24: -5623.36 | H24: -4756.23 | I24: 9709.52 | J24: 3469.7 | K24: 4629.86 | L24: -36954.94 | M24: -9945.08 | N24: 1779.81 | O24: 4374.89 | P24: 2637.12 | Q24: 4464.1 | R24: 3767.02 | S24: 11657.94 | T24: 5485.32 | U24: 2130.21 | V24: -6758.49 | W24: -5894.49 | X24: -5447.41 | Y24: 5096.18 | Z24: -7806.38 | AA24: 4070.55 | AB24: 8974.98 | AC24: -2650.27 | AD24: 898.26 | AE24: 1983.43 | AF24: -2819.97 | AG24: -10729.63 | AH24: -10713.47 | AI24: -138176.14 | AJ24: -34886.81 | AK24: -83238.56 | AL24: -21437.37 | AM24: -13348.33 | AN24: -11224.07 | AO24: -30582.71 | AP24: -191544.97 | AQ24: -21282.43 | AR24: -26127.69 | AS24: -43361.26 | AT24: -110457.65 | AU24: 2135.64 | AV24: -55773.21 | AW24: -10096.93 | AX24: 9413.97 | AY24: 28961.06 | AZ24: 20841.05 | BA24: -10909.57 | BB24: 964.95 | BC24: -1491.88
B25: Supplies (not funded) | AH25: -2934.39 | AI25: -3224.57 | AJ25: -1871.83 | AK25: -1733.61 | AL25: -3272.59 | AM25: -570.39 | AN25: -3518.98 | AO25: -232.05 | AP25: -1315.59 | AQ25: 2130.22 | AR25: -239.67 | AS25: 2770.7 | AT25: -1395.75 | AU25: 457.45 | AV25: 3060.27 | AW25: 560.98 | AX25: -6651.35 | AY25: 1993 | AZ25: 11535.11 | BA25: -2362.61 | BB25: -4270.61 | BC25: -4327.1
B27: Compared to last | C27: CL | D27: GL | E27: MN | F27: OM | G27: VV | H27: HC | I27: SW | J27: ST | K27: SP | L27: SG | M27: WH | N27: BCM | O27: CPL | P27: MOM | Q27: MIM | R27: SR | S27: BBC | T27: BJP | U27: BMT | V27: BMC | W27: BMR | X27: BRV | Y27: BST | Z27: BGW | AA27: BHR | AB27: BJB | AC27: BLV | AD27: BRC | AE27: BSD | AF27: BCT | AG27: BMS | AH27: IAM | AI27: IAR | AJ27: IEM | AK27: ILD | AL27: IPG | AM27: IPH | AN27: IRO | AO27: ITL | AP27: RBR | AQ27: RGO | AR27: RSM | AS27: RWB | AT27: RWG | AU27: RWH | AV27: RWL | AW27: RWW | AX27: MGS | AY27: MBC | AZ27: MCG | BA27: MQG | BB27: MRG | BC27: MVF
B28: Sick Time | C28: -4340.78 | D28: -5459.85 | E28: -24382.11 | F28: -507.7 | G28: 2726.73 | H28: -6818.96 | I28: -762.42 | J28: 1446.42 | K28: 3331.52 | L28: -6510.17 | M28: 3085.91 | N28: -2633.38 | O28: 2545.97 | P28: 3027.7 | Q28: -5900.36 | R28: 149.43 | S28: -3040.07 | T28: 10546.23 | U28: -2794.66 | V28: -760.55 | W28: -1607.11 | X28: 1164.4 | Y28: -927.14 | Z28: 9037.1 | AA28: -10577.05 | AB28: 2113.88 | AC28: 1153.93 | AD28: 10433.28 | AE28: -5559.2 | AF28: 234.64 | AG28: -9.79 | AH28: 3522.14 | AI28: 11031.54 | AJ28: 222.04 | AK28: -2941.12 | AL28: -3872.67 | AM28: -7523.49 | AN28: -4031.97 | AO28: 8180.54 | AP28: 7349.23 | AQ28: 1800.3 | AR28: 5513.95 | AS28: 1990.3 | AT28: -2965.72 | AU28: 5032.19 | AV28: -2391.53 | AW28: 11743.9 | AX28: 616.39 | AY28: 3807.82 | AZ28: 22481.92 | BA28: 3434.39 | BB28: 18263.76 | BC28: -2859.1
B29: Overtime | C29: 268.46 | D29: -862.69 | E29: -10951.15 | F29: -901.94 | G29: 2274.01 | H29: -24.93 | I29: -3407.05 | J29: 3214.8 | K29: 3921.39 | L29: -3454.36 | M29: 3920.87 | N29: 8223.29 | O29: -1306.21 | P29: -3359.98 | Q29: -15677.87 | R29: 0 | S29: -8718.85 | T29: 2984.04 | U29: 427.12 | V29: 2135.96 | W29: 4547.6 | X29: 4337.71 | Y29: -2636.52 | Z29: 11971.12 | AA29: -8108.24 | AB29: -4984.54 | AC29: -1778.15 | AD29: 4483.2 | AE29: -1112.82 | AF29: 0 | AG29: 0 | AH29: -476.36 | AI29: -10891.13 | AJ29: -5660.32 | AK29: 8141.61 | AL29: -3599.68 | AM29: 3207.53 | AN29: 20695.15 | AO29: 21019.24 | AP29: 19209.31 | AQ29: 73083.85 | AR29: 49177.39 | AS29: 1839.87 | AT29: 13687.36 | AU29: 15610.16 | AV29: -7742.98 | AW29: 5183.16 | AX29: -6768.32 | AY29: -43679.77 | AZ29: 29827.93 | BA29: 13168.73 | BB29: 14119.76 | BC29: -4325.16
B30: Purchased Hours | C30: 170.94 | D30: -20463.11 | E30: -419.5 | F30: -52.5 | G30: -4040.4 | H30: -25955.95 | I30: -52.5 | J30: 2252.83 | K30: 25038.36 | L30: 0 | M30: -1740.68 | N30: -31007.72 | O30: 72308.97 | P30: 43927.99 | Q30: -125374.25 | R30: -26001.6 | S30: 42 | T30: 14909.49 | U30: -24098.02 | V30: -52.5 | W30: -123.9 | X30: 5404.14 | Y30: -236.25 | Z30: -86621.67 | AA30: 45848.92 | AB30: 8938.79 | AC30: 106449.42 | AD30: 38.82 | AE30: 21306.05 | AF30: -113027.04 | AG30: -110200.51 | AH30: 3133.95 | AI30: -19358.1 | AJ30: 6529.82 | AK30: -60718.46 | AL30: -38596.01 | AM30: 13852.49 | AN30: 53543.33 | AO30: -110411.62 | AP30: 15048.8 | AQ30: 72122.64 | AR30: -14869.33 | AS30: -26248.64 | AT30: 8869.75 | AU30: -91611.04 | AV30: -76792.93 | AW30: 6669.62 | AX30: 33910.31 | AY30: -152340.11 | AZ30: 78697.93 | BA30: 21513.73 | BB30: -13520.42 | BC30: 66968.17
B31: Supplies | C31: -49.35 | D31: -6088 | E31: -23565.49 | F31: 929.15 | G31: -456.33 | H31: 3707.53 | I31: -37288.81 | J31: -4966.64 | K31: 27042.68 | L31: -4910.29 | M31: -23053.36 | N31: -910.52 | O31: 267.74 | P31: 1959.84 | Q31: -4625.42 | R31: -1671.32 | S31: 1884.51 | T31: 3036.6 | U31: 3671.15 | V31: 697.82 | W31: -1308.63 | X31: 1048.66 | Y31: 165.32 | Z31: -12675.11 | AA31: 5997.8 | AB31: -3162.53 | AC31: 1048.18 | AD31: -11482.57 | AE31: -3237.01 | AF31: 7637.33 | AG31: -7805.98 | AH31: 1702.55 | AI31: 120.61 | AJ31: -9031.07 | AK31: -1600.03 | AL31: -1407.28 | AM31: 3195.76 | AN31: -1781.6 | AO31: -1979.95 | AP31: 8580.41 | AQ31: 711.19 | AR31: -5400.83 | AS31: -764.03 | AT31: 13512.59 | AU31: 3780.95 | AV31: 3407.11 | AW31: -6190.68 | AX31: -5058.52 | AY31: 15647.86 | AZ31: 31795.87 | BA31: -5386.7 | BB31: -282.72 | BC31: 3096.51
B32: Repairs & Maintenance | C32: 3535.58 | D32: -23416.19 | E32: -53691.71 | F32: -6254.63 | G32: -5557.06 | H32: -10760.98 | I32: 2985.08 | J32: -4470.86 | K32: -38270.64 | L32: -41798.3 | M32: -3431.01 | N32: -7233.08 | O32: 23374.91 | P32: -1632.54 | Q32: -1611.08 | R32: -796.83 | S32: 358.51 | T32: -5709.29 | U32: 3581.57 | V32: -10889.79 | W32: -1493.85 | X32: 9243.33 | Y32: 8995.85 | Z32: 2071.48 | AA32: -4716.59 | AB32: -5066.84 | AC32: 21288.93 | AD32: -10008.34 | AE32: -1369.26 | AF32: -246.06 | AG32: -16416.68 | AH32: -21094.15 | AI32: -139172.93 | AJ32: -38995.44 | AK32: -73826.52 | AL32: -25260.68 | AM32: -11988.07 | AN32: -13118.5 | AO32: -33415.61 | AP32: -201642.1 | AQ32: -18904.15 | AR32: -31594.05 | AS32: -41065.99 | AT32: -108167.53 | AU32: 7842.21 | AV32: -53132.47 | AW32: -13989.38 | AX32: -13076.34 | AY32: 30315.34 | AZ32: -14183.79 | BA32: -739.98 | BB32: 7261.04 | BC32: 19184.75
D35: TOTAL SPEND to Date 2025 | E35: Budget (FY) 2025 | K35: YTD Spend | M35: Left Dollars
B36: Bloom | D36: 2061562.1 | E36: 2656400 | F36: 0.77607367 | J36: ACIL
B37: AgeCare Bow Crest | C37: BBC | D37: 88846.58 | E37: 93150 | F37: 0.95380118 | J37: Aster AB | K37: 766520.16 | L37: 1029750 | M37: 263229.84
B38: AgeCare Jasper Place | C38: BJP | D38: 50986.53 | E38: 74050 | F38: 0.68854193 | J38: Aster BC | K38: 246754.58 | L38: 244947.04 | M38: -1807.54
B39: AgeCare McKenzie Towne | C39: BMT | D39: 242276.21 | E39: 483200 | F39: 0.50139944 | J39: Bloom AB | K39: 763731.22 | L39: 1372900 | M39: 609168.78
B40: AgeCare Miller Crossing | C40: BMC | D40: 197513.26 | E40: 148650 | F40: 1.3287135 | J40: Bloom BC | K40: 1297830.9 | L40: 1283500 | M40: -14330.87
B41: AgeCare Mount Royal | C41: BMR | D41: 68537.1 | E41: 75150 | F41: 0.91200399 | J41: Iris | K41: 1449519.3 | L41: 1691400 | M41: 241880.68
B42: AgeCare Riverview | C42: BRV | D42: 65211.84 | E42: 417250 | F42: 0.15628961 | J42: Regency | K42: 2126522.9 | L42: 2581300 | M42: 454777.15
B43: AgeCare South Terrace | C43: BST | D43: 50359.7 | E43: 81450 | F43: 0.61828975 | J43: Managed | K43: 0
B44: AgeCare Carlton | C44: BCT | D44: 26696.11 | E44: 3900 | F44: 6.8451564
B45: AgeCare Glenwarren | C45: BGW | D45: 117272.1 | E45: 166250 | F45: 0.70539609
B46: AgeCare Holyrood | C46: BHR | D46: 103519.82 | E46: 73400 | F46: 1.4103518
B47: AgeCare James Bay | C47: BJB | D47: 273813.42 | E47: 64700 | F47: 4.2320467
B48: AgeCare Lakeview | C48: BLV | D48: 358444.21 | E48: 66650 | F48: 5.3780077
B49: AgeCare Malaspina | C49: BMS | D49: 19712.81 | E49: 13200 | F49: 1.4933947
B50: AgeCare Royal City | C50: BRC | D50: 363880.18 | E50: 849250 | F50: 0.42847239
B51: AgeCare Sandringham | C51: BSD | D51: 34492.22 | E51: 46150 | F51: 0.74739372
B52: Aster | D52: 1013274.7 | E52: 1274697 | F52: 0.79491417
B53: AgeCare Brandt's Creek Mews | C53: BCM | D53: 681.98 | E53: 0 | F53: -
B54: AgeCare Cariboo Place | C54: CPL | D54: 7309.05 | E54: 0 | F54: -
B55: AgeCare Monashee Mews | C55: MOM | D55: 21842.49 | E55: 3000 | F55: 7.28083
B56: AgeCare Mount Ida Mews | C56: MIM | D56: 92218.36 | E56: 160000 | F56: 0.57636475
B57: AgeCare Sun Rivers | C57: SR | D57: 124702.7 | E57: 81947.04 | F57: 1.5217475
B58: AgeCare Sagewood | C58: SW | D58: 72008.02 | E58: 109750 | F58: 0.65610952
B59: AgeCare Seton | C59: ST | D59: 332395.49 | E59: 432500 | F59: 0.76854449
B60: AgeCare SkyPointe | C60: SP | D60: 83633.36 | E60: 69950 | F60: 1.1956163
B61: AgeCare Sunrise Gardens | C61: SG | D61: 73484.6 | E61: 241850 | F61: 0.3038437
B62: AgeCare Walden Heights | C62: WH | D62: 204998.69 | E62: 175700 | F62: 1.1667541
B63: Iris | D63: 1449519.3 | E63: 1691400 | F63: 0.8569938
B64: Aurora (IAR) | C64: IAR | D64: 124440.21 | E64: 156100 | F64: 0.79718264
B65: Aylmer (IAM) | C65: IAM | D65: 74712.49 | E65: 162600 | F65: 0.45948641
B66: Elmira (IEM) | C66: IEM | D66: 80628.7 | E66: 95100 | F66: 0.8478307
B67: London (ILD) | C67: ILD | D67: 88805.97 | E67: 192700 | F67: 0.46085091
B68: Parkhill (IPH) | C68: IPH | D68: 56887.12 | E68: 45150 | F68: 1.2599584
B69: Pine Grove (IPG) | C69: IPG | D69: 40020.15 | E69: 165100 | F69: 0.24239945
B70: Royal Oak (IRO) | C70: IRO | D70: 286962.34 | E70: 206750 | F70: 1.3879678
B71: Trilogy (ITL) | C71: ITL | D71: 697062.34 | E71: 667900 | F71: 1.0436627
B72: Regency | D72: 2126522.9 | E72: 2581300 | F72: 0.82381856
B73: Brant (RBR) | C73: RBR | D73: 168641.13 | E73: 230300 | F73: 0.73226717
B74: Glen Oaks (RGO) | C74: RGO | D74: 291307.71 | E74: 308400 | F74: 0.94457753
B75: Wenleigh (RWL) | C75: RWL | D75: 231998.25 | E75: 203500 | F75: 1.1400405
B76: Westbury (RWB) | C76: RWB | D76: 280339.42 | E76: 321900 | F76: 0.87088978
B77: West Williams (RWW) | C77: RWW | D77: 231197.27 | E77: 502499.96 | F77: 0.46009411
B78: Willowgrove (RWG) | C78: RWG | D78: 260839.86 | E78: 225200 | F78: 1.1582587
B79: Woodhaven (RWH) | C79: RWH | D79: 289281.2 | E79: 544900 | F79: 0.5308886
B80: Samac (RSM) | C80: RSM | D80: 372918.01 | E80: 244600.04 | F80: 1.5246032

Sheet Nov
B2: Actual | C2: CL | D2: GL | E2: MN | F2: OM | G2: VV | H2: HC | I2: SW | J2: ST | K2: SP | L2: SG | M2: WH | N2: BCM | O2: CPL | P2: MOM | Q2: MIM | R2: SR | S2: BBC | T2: BJP | U2: BMT | V2: BMC | W2: BMR | X2: BRV | Y2: BST | Z2: BGW | AA2: BHR | AB2: BJB | AC2: BLV | AD2: BRC | AE2: BSD | AF2: BCT | AG2: BMS | AH2: IAM | AI2: IAR | AJ2: IEM | AK2: ILD | AL2: IPG | AM2: IPH | AN2: IRO | AO2: ITL | AP2: RBR | AQ2: RGO | AR2: RSM | AS2: RWB | AT2: RWG | AU2: RWH | AV2: RWL | AW2: RWW | AX2: MGS | AY2: MBC | AZ2: MCG | BA2: MQG | BB2: MRG | BC2: MVF
B3: Sick Time | C3: 6599 | D3: 35713 | E3: 42893 | F3: 2835 | G3: 10267 | H3: -3 | I3: 32374 | J3: 48281 | K3: 83005 | L3: 13747 | M3: 52505 | N3: 8962 | O3: 10724 | P3: 2443 | Q3: 15627 | R3: 58 | S3: 13224 | T3: 13154 | U3: 18742 | V3: 20385 | W3: 26109 | X3: 20036 | Y3: 19219 | Z3: 13980 | AA3: 21295 | AB3: 19406 | AC3: 21522 | AD3: 43992 | AE3: 7837 | AF3: -61 | AG3: 56 | AH3: 6858 | AI3: 31360 | AJ3: 10055 | AK3: 12451 | AL3: 31826 | AM3: 1184 | AN3: 27230 | AO3: 33608 | AP3: 40283 | AQ3: 27292 | AR3: 27634 | AS3: 36361 | AT3: 16358 | AU3: 23153 | AV3: 20898 | AW3: 38396 | AX3: 24295 | AY3: 29916 | BA3: 20401 | BB3: 20855 | BC3: 25579
B4: Overtime | C4: 1435 | D4: 7506 | E4: 6432 | F4: 861 | G4: 6801 | H4: 389 | I4: 11484 | J4: 2326 | K4: 12145 | L4: 3196 | M4: 8925 | N4: 24474 | O4: 8267 | P4: 9266 | Q4: 31115 | R4: 0 | S4: 12015 | T4: 2120 | U4: 3394 | V4: 3709 | W4: 6884 | X4: 10526 | Y4: 5131 | Z4: 86826 | AA4: 13344 | AB4: 24968 | AC4: 16293 | AD4: 13244 | AE4: 9814 | AF4: 0 | AG4: 0 | AH4: 26426 | AI4: 110144 | AJ4: 11868 | AK4: 45970 | AL4: 28299 | AM4: 23299 | AN4: 23491 | AO4: 114699 | AP4: 73517 | AQ4: 29987 | AR4: 151610 | AS4: 35910 | AT4: 76397 | AU4: 128084 | AV4: 70669 | AW4: 34487 | AX4: 59575 | AY4: 248384 | BA4: 46851 | BB4: 13253 | BC4: 119472
B5: Purchased Hours (- Added Care for AB only) | C5: 0 | D5: 1713.6 | E5: -11559.9 | F5: 0 | G5: 1602 | H5: 442794 | I5: 0 | J5: 9789 | K5: 655 | L5: 0 | M5: 5715 | N5: 66989 | O5: 119304 | P5: 94677 | Q5: 153685 | R5: 506697 | S5: 0 | T5: 0 | U5: 0 | V5: 2652 | W5: 0 | X5: 0 | Y5: 0 | Z5: 148715 | AA5: 133844 | AB5: 175916 | AC5: 283103 | AD5: 7619 | AE5: 49922 | AF5: 873754 | AG5: 249082 | AH5: 23123 | AI5: 167167 | AJ5: 30079 | AK5: 105927 | AL5: 158479 | AM5: 34005 | AN5: 70940 | AO5: 165676 | AP5: 188369 | AQ5: 69955 | AR5: 193759 | AS5: 199841 | AT5: 96459 | AU5: 51834 | AV5: 59329 | AW5: 30957 | AX5: 58365 | AY5: 60271 | BA5: 92607 | BB5: 41035 | BC5: 103051
B6: 6500 + 6500 SUPPLIES (- Added Care AB Only) | C6: 404 | D6: 46252 | E6: 53077 | F6: 1143 | G6: 9803 | H6: 19081 | I6: 20012 | J6: 29253 | K6: 64970 | L6: 4090 | M6: 37117 | N6: 9933 | O6: 9228 | P6: 7131 | Q6: 12287 | R6: 17089 | S6: 36802 | T6: 22015 | U6: 33755 | V6: 39234 | W6: 13956 | X6: 11788 | Y6: 29455 | Z6: 14829 | AA6: 22471 | AB6: 21540 | AC6: 24482 | AD6: 18382 | AE6: 6570 | AF6: 22690 | AG6: 19318 | AH6: 11200 | AI6: 33995 | AJ6: 43804 | AK6: 84579 | AL6: 63060 | AM6: 50211 | AN6: 21124 | AO6: 141833 | AP6: 168957 | AQ6: 21603 | AR6: 26339 | AS6: 33169 | AT6: 127375 | AU6: 119628 | AV6: 144542 | AW6: 22876 | AX6: 33235 | AY6: 48823 | BA6: 17623 | BB6: 25972 | BC6: 37391
B7: Repairs & Maintenance | C7: 6771 | D7: 26686 | E7: 35797 | F7: 6163 | G7: 8101 | H7: 36512 | I7: 13583 | J7: 89262 | K7: 63591 | L7: 19870 | M7: 54569 | N7: 25827 | O7: 15711 | P7: 7392 | Q7: 11507 | R7: 30808 | S7: 32126 | T7: 15647 | U7: 31680 | V7: 12036 | W7: 23654 | X7: 14008 | Y7: 30526 | Z7: 20416 | AA7: 13561 | AB7: 23863 | AC7: 37439 | AD7: 13130 | AE7: 9958 | AF7: 18956 | AG7: 20131 | AH7: 6546 | AI7: 64452 | AJ7: 96793 | AK7: 20262 | AL7: 85419 | AM7: 4963 | AN7: 63234 | AO7: 86175 | AP7: 184900 | AQ7: 17078 | AR7: 35565 | AS7: 18442 | AT7: 272288 | AU7: 92478 | AV7: 135638 | AW7: 12545 | AX7: 16562 | AY7: 75223 | BA7: 67715 | BB7: 86279 | BC7: 39580
A8: From capex data below | B8: CapEx | I8: 0.77426679 | J8: 0.77582772 | K8: 1.5290868 | L8: 0.37141534 | M8: 1.346298 | N8: - | O8: - | P8: 7.28083 | Q8: 1.1569591 | R8: 1.2702206 | S8: 1.0240488 | T8: 1.1104639 | U8: 0.58003293 | V8: 1.6728317 | W8: 1.1948909 | X8: 0.30255406 | Y8: 1.0323662 | Z8: 0.94140626 | AA8: 1.790951 | AB8: 4.7097391 | AC8: 5.9449019 | AD8: 0.59791402 | AE8: 1.1328191 | AF8: 6.8451564 | AG8: 1.4933947 | AH8: 0.59908542 | AI8: 1.1106624 | AJ8: 1.1015933 | AK8: 0.63974837 | AL8: 0.25691345 | AM8: 1.2599584 | AN8: 1.4101786 | AO8: 1.0834146 | AP8: 0.7770944 | AQ8: 1.016742 | AR8: 1.7304276 | AS8: 0.88031386 | AT8: 1.1949013 | AU8: 0.53165974 | AV8: 1.1820387 | AW8: 0.47249906
A9: ON only | B9: Supplies (not funded) | AH9: 1629 | AI9: 12618 | AJ9: 3270 | AK9: 5552 | AL9: 3918 | AM9: 2622 | AN9: 11393 | AO9: 11327 | AP9: 10801 | AQ9: 6505 | AR9: 7752 | AS9: 8100 | AT9: 8402 | AU9: 9283 | AV9: 6878 | AW9: 7522 | AX9: 12443 | AY9: 15451 | BA9: 4315 | BB9: 4834 | BC9: 9613
B11: Nov Budget | C11: CL | D11: GL | E11: MN | F11: OM | G11: VV | H11: HC | I11: SW | J11: ST | K11: SP | L11: SG | M11: WH | N11: BCM | O11: CPL | P11: MOM | Q11: MIM | R11: SR | S11: BBC | T11: BJP | U11: BMT | V11: BMC | W11: BMR | X11: BRV | Y11: BST | Z11: BGW | AA11: BHR | AB11: BJB | AC11: BLV | AD11: BRC | AE11: BSD | AF11: BCT | AG11: BMS | AH11: IAM | AI11: IAR | AJ11: IEM | AK11: ILD | AL11: IPG | AM11: IPH | AN11: IRO | AO11: ITL | AP11: RBR | AQ11: RGO | AR11: RSM | AS11: RWB | AT11: RWG | AU11: RWH | AV11: RWL | AW11: RWW | AX11: MGS | AY11: MBC | AZ11: MCG | BA11: MQG | BB11: MRG | BC11: MVF
B12: Sick Time | I12: 20344 | J12: 39138 | K12: 63223 | L12: 10173 | M12: 37554 | N12: 16177 | O12: 8503 | P12: 7499 | Q12: 18179 | R12: 246 | S12: 11093 | T12: 9277 | U12: 13812 | V12: 14247 | W12: 8421 | X12: 9800 | Y12: 11814 | Z12: 9414 | AA12: 9763 | AB12: 8526 | AC12: 14550 | AD12: 15911 | AE12: 3359 | AF12: 0 | AG12: 396 | AH12: 7055 | AI12: 26660 | AJ12: 6581 | AK12: 13045 | AL12: 13875 | AM12: 8794 | AN12: 21204 | AO12: 23952 | AP12: 21577 | AQ12: 22537 | AR12: 23059 | AS12: 25073 | AT12: 21077 | AU12: 23352 | AV12: 20834 | AW12: 20429 | AX12: 21646 | AY12: 30178 | BA12: 17837 | BB12: 19328 | BC12: 22079
B13: Overtime | I13: 4113 | J13: 2099 | K13: 6619 | L13: 3088 | M13: 4056 | N13: 30818 | O13: 5141 | P13: 7358 | Q13: 30607 | R13: 0 | S13: 3569 | T13: 6714 | U13: 1955 | V13: 2243 | W13: 2792 | X13: 3460 | Y13: 2204 | Z13: 65065 | AA13: 55267 | AB13: 25191 | AC13: 37496 | AD13: 48168 | AE13: 7927 | AF13: 0 | AG13: 0 | AH13: 2930 | AI13: 9057 | AJ13: 1954 | AK13: 4753 | AL13: 4786 | AM13: 3082 | AN13: 7624 | AO13: 8264 | AP13: 8929 | AQ13: 8262 | AR13: 8421 | AS13: 9192 | AT13: 7792 | AU13: 9606 | AV13: 7272 | AW13: 8221 | AX13: 8071 | AY13: 10509 | BA13: 6348 | BB13: 6877 | BC13: 7988
A14: (thrid party staffing for ACIL 'Budget' tab) | B14: Purchased Hours | I14: 0 | J14: 1600 | K14: 2695 | L14: 1600 | M14: 1667 | N14: 89498 | O14: 148766 | P14: 80585 | Q14: 236380 | R14: 496645 | S14: 0 | T14: 0 | U14: 0 | V14: 0 | W14: 0 | X14: 4800 | Y14: 0 | Z14: 87859 | AA14: 134599 | AB14: 185451 | AC14: 220143 | AD14: 60704 | AE14: 74568 | AF14: 771305 | AG14: 874631 | AH14: 7679 | AI14: 34220 | AJ14: 5581 | AK14: 11781 | AL14: 12140 | AM14: 7920 | AN14: 28338 | AO14: 24400 | AP14: 21608 | AQ14: 21651 | AR14: 21032 | AS14: 26178 | AT14: 26810 | AU14: 23815 | AV14: 22135 | AW14: 19504 | AX14: 25869 | AY14: 37541 | BA14: 16294 | BB14: 15961 | BC14: 20101
B15: 6500 + 6500 SUPPLIES | I15: 24068 | J15: 32481 | K15: 59735 | L15: 3702 | M15: 36510 | N15: 18553 | O15: 12854 | P15: 8585 | Q15: 23962 | R15: 17622 | S15: 33463 | T15: 26508 | U15: 37332 | V15: 42029 | W15: 18164 | X15: 19072 | Y15: 29391 | Z15: 16534 | AA15: 20915 | AB15: 18875 | AC15: 26120 | AD15: 25100 | AE15: 6910 | AF15: 17541 | AG15: 24635 | AH15: 15610 | AI15: 40709 | AJ15: 4383 | AK15: 29062 | AL15: 21757 | AM15: 24566 | AN15: 76022 | AO15: 87386 | AP15: 51231 | AQ15: 69940 | AR15: 68572 | AS15: 62612 | AT15: 84902 | AU15: 56759 | AV15: 29314 | AW15: 45946 | AX15: 52700 | AY15: 98281 | BA15: 40912 | BB15: 44883 | BC15: 60422
B16: Repairs & Maintenance | C16: 7545 | D16: 55871.95 | E16: 44525.61 | F16: 9000 | G16: 9729 | H16: 26340.65 | I16: 16910 | J16: 42400 | K16: 44961 | L16: 10225 | M16: 33075 | N16: 24762 | O16: 17494 | P16: 11595 | Q16: 19042 | R16: 33868 | S16: 24110 | T16: 17612 | U16: 26617 | V16: 14350 | W16: 17215 | X16: 12668 | Y16: 20248 | Z16: 17880 | AA16: 19378 | AB16: 16827 | AC16: 28623 | AD16: 18858 | AE16: 12167 | AF16: 17505 | AG16: 19240 | AH16: 10181 | AI16: 18140 | AJ16: 11800 | AK16: 9516 | AL16: 11069 | AM16: 4860 | AN16: 19172 | AO16: 19877 | AP16: 14520 | AQ16: 17881 | AR16: 10927 | AS16: 12389 | AT16: 13084 | AU16: 15492 | AV16: 12975 | AW16: 12390 | AX16: 45373 | AY16: 51557 | BA16: 13036 | BB16: 11733 | BC16: 21294
A17: ON only | B17: Supplies (not funded) | AH17: 3160 | AI17: 8691 | AJ17: 4571 | AK17: 4691 | AL17: 4740 | AM17: 3160 | AN17: 7901 | AO17: 9728 | AP17: 8641 | AQ17: 8296 | AR17: 8493 | AS17: 9234 | AT17: 8345 | AU17: 9766 | AV17: 8094 | AW17: 7425 | AX17: 10025 | AY17: 11073 | BA17: 7033 | BB17: 7033 | BC17: 9392
B19: Variance | I19: SW | J19: ST | K19: SP | L19: SG | M19: WH | N19: BCM | O19: CPL | P19: MOM | Q19: MIM | R19: SR | S19: BBC | T19: BJP | U19: BMT | V19: BMC | W19: BMR | X19: BRV | Y19: BST | Z19: BGW | AA19: BHR | AB19: BJB | AC19: BLV | AD19: BRC | AE19: BSD | AF19: BCT | AG19: BMS | AH19: IAM | AI19: IAR | AJ19: IEM | AK19: ILD | AL19: IPG | AM19: IPH | AN19: IRO | AO19: ITL | AP19: RBR | AQ19: RGO | AR19: RSM | AS19: RWB | AT19: RWG | AU19: RWH | AV19: RWL | AW19: RWW | AX19: MGS | AY19: MBC | AZ19: MCG | BA19: MQG | BB19: MRG | BC19: MVF
B20: Sick Time | I20: -12030 | J20: -9143 | K20: -19782 | L20: -3574 | M20: -14951 | N20: 7215 | O20: -2221 | P20: 5056 | Q20: 2552 | R20: 188 | S20: -2131 | T20: -3877 | U20: -4930 | V20: -6138 | W20: -17688 | X20: -10236 | Y20: -7405 | Z20: -4566 | AA20: -11532 | AB20: -10880 | AC20: -6972 | AD20: -28081 | AE20: -4478 | AF20: 61 | AG20: 340 | AH20: 197 | AI20: -4700 | AJ20: -3474 | AK20: 594 | AL20: -17951 | AM20: 7610 | AN20: -6026 | AO20: -9656 | AP20: -18706 | AQ20: -4755 | AR20: -4575 | AS20: -11288 | AT20: 4719 | AU20: 199 | AV20: -64 | AW20: -17967 | AX20: -2649 | AY20: 262 | AZ20: 0 | BA20: -2564 | BB20: -1527 | BC20: -3500
B21: Overtime | I21: -7371 | J21: -227 | K21: -5526 | L21: -108 | M21: -4869 | N21: 6344 | O21: -3126 | P21: -1908 | Q21: -508 | R21: 0 | S21: -8446 | T21: 4594 | U21: -1439 | V21: -1466 | W21: -4092 | X21: -7066 | Y21: -2927 | Z21: -21761 | AA21: 41923 | AB21: 223 | AC21: 21203 | AD21: 34924 | AE21: -1887 | AF21: 0 | AG21: 0 | AH21: -23496 | AI21: -101087 | AJ21: -9914 | AK21: -41217 | AL21: -23513 | AM21: -20217 | AN21: -15867 | AO21: -106435 | AP21: -64588 | AQ21: -21725 | AR21: -143189 | AS21: -26718 | AT21: -68605 | AU21: -118478 | AV21: -63397 | AW21: -26266 | AX21: -51504 | AY21: -237875 | AZ21: 0 | BA21: -40503 | BB21: -6376 | BC21: -111484
B22: Purchased Hours | I22: 0 | J22: -8189 | K22: 2040 | L22: 1600 | M22: -4048 | N22: 22509 | O22: 29462 | P22: -14092 | Q22: 82695 | R22: -10052 | S22: 0 | T22: 0 | U22: 0 | V22: -2652 | W22: 0 | X22: 4800 | Y22: 0 | Z22: -60856 | AA22: 755 | AB22: 9535 | AC22: -62960 | AD22: 53085 | AE22: 24646 | AF22: -102449 | AG22: 625549 | AH22: -15444 | AI22: -132947 | AJ22: -24498 | AK22: -94146 | AL22: -146339 | AM22: -26085 | AN22: -42602 | AO22: -141276 | AP22: -166761 | AQ22: -48304 | AR22: -172727 | AS22: -173663 | AT22: -69649 | AU22: -28019 | AV22: -37194 | AW22: -11453 | AX22: -32496 | AY22: -22730 | AZ22: 0 | BA22: -76313 | BB22: -25074 | BC22: -82950
B23: 6500 + 6500 SUPPLIES | I23: 4056 | J23: 3228 | K23: -5235 | L23: -388 | M23: -607 | N23: 8620 | O23: 3626 | P23: 1454 | Q23: 11675 | R23: 533 | S23: -3339 | T23: 4493 | U23: 3577 | V23: 2795 | W23: 4208 | X23: 7284 | Y23: -64 | Z23: 1705 | AA23: -1556 | AB23: -2665 | AC23: 1638 | AD23: 6718 | AE23: 340 | AF23: -5149 | AG23: 5317 | AH23: 4410 | AI23: 6714 | AJ23: -39421 | AK23: -55517 | AL23: -41303 | AM23: -25645 | AN23: 54898 | AO23: -54447 | AP23: -117726 | AQ23: 48337 | AR23: 42233 | AS23: 29443 | AT23: -42473 | AU23: -62869 | AV23: -115228 | AW23: 23070 | AX23: 19465 | AY23: 49458 | AZ23: 0 | BA23: 23289 | BB23: 18911 | BC23: 23031
B24: Repairs & Maintenance | C24: 774 | D24: 29185.95 | E24: 8728.61 | F24: 2837 | G24: 1628 | H24: -10171.35 | I24: 3327 | J24: -46862 | K24: -18630 | L24: -9645 | M24: -21494 | N24: -1065 | O24: 1783 | P24: 4203 | Q24: 7535 | R24: 3060 | S24: -8016 | T24: 1965 | U24: -5063 | V24: 2314 | W24: -6439 | X24: -1340 | Y24: -10278 | Z24: -2536 | AA24: 5817 | AB24: -7036 | AC24: -8816 | AD24: 5728 | AE24: 2209 | AF24: -1451 | AG24: -891 | AH24: 3635 | AI24: -46312 | AJ24: -84993 | AK24: -10746 | AL24: -74350 | AM24: -103 | AN24: -44062 | AO24: -66298 | AP24: -170380 | AQ24: 803 | AR24: -24638 | AS24: -6053 | AT24: -259204 | AU24: -76986 | AV24: -122663 | AW24: -155 | AX24: 28811 | AY24: -23666 | AZ24: 0 | BA24: -54679 | BB24: -74546 | BC24: -18286
B25: Supplies (not funded) | AH25: 1531 | AI25: -3927 | AJ25: 1301 | AK25: -861 | AL25: 822 | AM25: 538 | AN25: -3492 | AO25: -1599 | AP25: -2160 | AQ25: 1791 | AR25: 741 | AS25: 1134 | AT25: -57 | AU25: 483 | AV25: 1216 | AW25: -97 | AX25: -2418 | AY25: -4378 | AZ25: 0 | BA25: 2718 | BB25: 2199 | BC25: -221
B27: Compared to last | C27: CL | D27: GL | E27: MN | F27: OM | G27: VV | H27: HC | I27: SW | J27: ST | K27: SP | L27: SG | M27: WH | N27: BCM | O27: CPL | P27: MOM | Q27: MIM | R27: SR | S27: BBC | T27: BJP | U27: BMT | V27: BMC | W27: BMR | X27: BRV | Y27: BST | Z27: BGW | AA27: BHR | AB27: BJB | AC27: BLV | AD27: BRC | AE27: BSD | AF27: BCT | AG27: BMS | AH27: IAM | AI27: IAR | AJ27: IEM | AK27: ILD | AL27: IPG | AM27: IPH | AN27: IRO | AO27: ITL | AP27: RBR | AQ27: RGO | AR27: RSM | AS27: RWB | AT27: RWG | AU27: RWH | AV27: RWL | AW27: RWW | AX27: MGS | AY27: MBC | AZ27: MCG | BA27: MQG | BB27: MRG | BC27: MVF
B28: Sick Time | C28: 1690.19 | D28: -1318.47 | E28: 23400.29 | F28: -195.86 | G28: -4890.6 | H28: 7764.53 | I28: -10102.33 | J28: -7001.75 | K28: -16117.77 | L28: 5167.94 | M28: -21681.17 | N28: 1722.33 | O28: -9241.03 | P28: -1136.68 | Q28: -3435.48 | R28: -45.03 | S28: 6405 | T28: 4172.38 | U28: -75.13 | V28: 17407.84 | W28: -7379.48 | X28: -6547.44 | Y28: 1676.41 | Z28: 15776.61 | AA28: 12515.88 | AB28: 2150.12 | AC28: 9162.08 | AD28: -18496.09 | AE28: 3038.8 | AF28: 353.88 | AG28: -38.36 | AH28: 3886 | AI28: -2768 | AJ28: -3500 | AK28: -3603 | AL28: -5242 | AM28: 9971 | AN28: -6313 | AO28: -14503 | AP28: -20925 | AQ28: 5410 | AR28: -10570 | AS28: -10523 | AT28: 11473 | AU28: -7710 | AV28: 5354 | AW28: -22467 | AX28: -2978 | AY28: -8567 | AZ28: -1024 | BA28: -3075 | BB28: -8497 | BC28: -6664
B29: Overtime | C29: -828.49 | D29: -2405.48 | E29: 18759.11 | F29: 1161.11 | G29: 64.4 | H29: -350.3 | I29: -2402.42 | J29: 475.91 | K29: -3254.4 | L29: 6825.6 | M29: -6465.69 | N29: -4001.07 | O29: 6935.56 | P29: -2173.59 | Q29: 16965.24 | R29: 0 | S29: 14865.81 | T29: 1352.52 | U29: 1551.94 | V29: 979.58 | W29: -3088.6 | X29: 3051.51 | Y29: 4452.82 | Z29: 1367.61 | AA29: 16915.22 | AB29: 3548.36 | AC29: 13137.19 | AD29: 1558.28 | AE29: -239.49 | AF29: 0 | AG29: 0 | AH29: 438 | AI29: -30671 | AJ29: 4491 | AK29: -10262 | AL29: -297 | AM29: 3437 | AN29: -3514 | AO29: -28167 | AP29: -17243 | AQ29: -18574 | AR29: -58770 | AS29: -6681 | AT29: -16267 | AU29: 13916 | AV29: 7723 | AW29: 44286 | AX29: -13574 | AY29: -18668 | AZ29: -2265 | BA29: -20547 | BB29: 46462 | BC29: -46325
B30: Purchased Hours | C30: 52.5 | D30: 20314.26 | E30: 28951.9 | F30: 52.5 | G30: 6347.13 | H30: 21670.77 | I30: 52.5 | J30: -8073.35 | K30: 6827.57 | L30: 0 | M30: 3365.18 | N30: 11507.14 | O30: -30960.64 | P30: 9479.98 | Q30: 28371.58 | R30: 34510.35 | S30: 0 | T30: 537.81 | U30: 75776.88 | V30: -2599.5 | W30: 123.9 | X30: 52.5 | Y30: 278.25 | Z30: 25587.79 | AA30: 6111.59 | AB30: -16473.48 | AC30: -75699.24 | AD30: 19821.66 | AE30: 3496.13 | AF30: -41404.35 | AG30: 702906.3 | AH30: 16348 | AI30: -57272 | AJ30: -13947 | AK30: -23624 | AL30: -73218 | AM30: -13037 | AN30: -2115 | AO30: 88183 | AP30: -129175 | AQ30: -36705 | AR30: 42291 | AS30: -136798 | AT30: -43547 | AU30: 118785 | AV30: 92613 | AW30: 11963 | AX30: 1624 | AY30: 159718 | AZ30: 9798 | BA30: -58780 | BB30: -9096 | BC30: 63136
B31: Supplies | C31: 338.6 | D31: 3774.29 | E31: 20177.29 | F31: -62.53 | G31: -2831.08 | H31: -6914.23 | I31: 26731.94 | J31: 11325.28 | K31: -16072.48 | L31: 3195.24 | M31: 29140.66 | N31: 5593.36 | O31: 1645.55 | P31: -1071.34 | Q31: 6165.36 | R31: 270.26 | S31: -7504.41 | T31: -600.48 | U31: 2186.45 | V31: 1189.54 | W31: -1937.42 | X31: 3704.77 | Y31: -325.59 | Z31: 13078.47 | AA31: -814.16 | AB31: 348.45 | AC31: 871.01 | AD31: 14671.57 | AE31: 640.02 | AF31: -6976.12 | AG31: 7744.84 | AH31: -4046 | AI31: -23294 | AJ31: -28747 | AK31: -76918 | AL31: -42882 | AM31: -43551 | AN31: -11222 | AO31: -122835 | AP31: -146198 | AQ31: -7821 | AR31: -7694 | AS31: -13960 | AT31: -111636 | AU31: -96630 | AV31: -132224 | AW31: -5436 | AX31: -9287 | AY31: -38897 | AZ31: -6190 | BA31: -125 | BB31: -11816 | BC31: -21996
B32: Repairs & Maintenance | C32: 4748.01 | D32: 7940.6 | E32: 56096.41 | F32: 2322.73 | G32: 8875.36 | H32: -5415.12 | I32: -6382.52 | J32: -52881.7 | K32: -25320.36 | L32: 25409.94 | M32: -9596.93 | N32: -2844.81 | O32: -3591.89 | P32: 1565.88 | Q32: 3070.56 | R32: -707.02 | S32: -19673.94 | T32: -3520.21 | U32: -6693.44 | V32: 9072.49 | W32: -544.51 | X32: 4107.74 | Y32: -15374.18 | Z32: 5270.38 | AA32: 1746.7 | AB32: -16010.98 | AC32: -18718.73 | AD32: 7096.74 | AE32: 225.57 | AF32: 1368.97 | AG32: 10284.63 | AH32: 11361.64 | AI32: 92104.83 | AJ32: -47740.72 | AK32: 71420.7 | AL32: -52305.45 | AM32: 16606.36 | AN32: -35321 | AO32: -39794.02 | AP32: 22118.89 | AQ32: 18686.89 | AR32: 4431.17 | AS32: 39116.47 | AT32: -149410.9 | AU32: -79559.29 | AV32: -67894.79 | AW32: 7940.3 | AX32: 10924.46 | AY32: -48709 | AZ32: 14183.79 | BA32: -47761.02 | BB32: -78535.65 | BC32: -16523.59
D35: TOTAL SPEND to Date 2025 | E35: Budget (FY) 2025 | K35: YTD Spend | M35: Left Dollars
B36: Bloom | D36: 2602060.7 | E36: 2656400 | F36: 0.97954401 | J36: ACIL
B37: AgeCare Bow Crest | C37: BBC | D37: 95390.15 | E37: 93150 | F37: 1.0240488 | J37: Aster AB | K37: 853852.25 | L37: 1029750 | M37: 175897.75
B38: AgeCare Jasper Place | C38: BJP | D38: 82229.85 | E38: 74050 | F38: 1.1104639 | J38: Aster BC | K38: 326162.38 | L38: 244947.04 | M38: -81215.34
B39: AgeCare McKenzie Towne | C39: BMT | D39: 280271.91 | E39: 483200 | F39: 0.58003293 | J39: Bloom AB | K39: 1006681.3 | L39: 1372900 | M39: 366218.7
B40: AgeCare Miller Crossing | C40: BMC | D40: 248666.43 | E40: 148650 | F40: 1.6728317 | J40: Bloom BC | K40: 1595379.4 | L40: 1283500 | M40: -311879.42
B41: AgeCare Mount Royal | C41: BMR | D41: 89796.05 | E41: 75150 | F41: 1.1948909 | J41: Iris | K41: 1613297.3 | L41: 1691400 | M41: 78102.72
B42: AgeCare Riverview | C42: BRV | D42: 126240.68 | E42: 417250 | F42: 0.30255406 | J42: Regency | K42: 2235932.6 | L42: 2581300 | M42: 345367.44
B43: AgeCare South Terrace | C43: BST | D43: 84086.23 | E43: 81450 | F43: 1.0323662 | J43: Managed | K43: 0
B44: AgeCare Carlton | C44: BCT | D44: 26696.11 | E44: 3900 | F44: 6.8451564
B45: AgeCare Glenwarren | C45: BGW | D45: 156508.79 | E45: 166250 | F45: 0.94140626
B46: AgeCare Holyrood | C46: BHR | D46: 131455.8 | E46: 73400 | F46: 1.790951
B47: AgeCare James Bay | C47: BJB | D47: 304720.12 | E47: 64700 | F47: 4.7097391
B48: AgeCare Lakeview | C48: BLV | D48: 396227.71 | E48: 66650 | F48: 5.9449019
B49: AgeCare Malaspina | C49: BMS | D49: 19712.81 | E49: 13200 | F49: 1.4933947
B50: AgeCare Royal City | C50: BRC | D50: 507778.48 | E50: 849250 | F50: 0.59791402
B51: AgeCare Sandringham | C51: BSD | D51: 52279.6 | E51: 46150 | F51: 1.1328191
B52: Aster | D52: 1180014.6 | E52: 1274697 | F52: 0.92572164
B53: AgeCare Brandt's Creek Mews | C53: BCM | D53: 681.98 | E53: - | F53: -
B54: AgeCare Cariboo Place | C54: CPL | D54: 14433.63 | E54: - | F54: -
B55: AgeCare Monashee Mews | C55: MOM | D55: 21842.49 | E55: 3000 | F55: 7.28083
B56: AgeCare Mount Ida Mews | C56: MIM | D56: 185113.46 | E56: 160000 | F56: 1.1569591
B57: AgeCare Sun Rivers | C57: SR | D57: 104090.82 | E57: 81947.04 | F57: 1.2702206
B58: AgeCare Sagewood | C58: SW | D58: 84975.78 | E58: 109750 | F58: 0.77426679
B59: AgeCare Seton | C59: ST | D59: 335545.49 | E59: 432500 | F59: 0.77582772
B60: AgeCare SkyPointe | C60: SP | D60: 106959.62 | E60: 69950 | F60: 1.5290868
B61: AgeCare Sunrise Gardens | C61: SG | D61: 89826.8 | E61: 241850 | F61: 0.37141534
B62: AgeCare Walden Heights | C62: WH | D62: 236544.56 | E62: 175700 | F62: 1.346298
B63: Iris | D63: 1613297.3 | E63: 1691400 | F63: 0.95382363
B64: Aurora (IAR) | C64: IAR | D64: 173374.4 | E64: 156100 | F64: 1.1106624
B65: Aylmer (IAM) | C65: IAM | D65: 97411.29 | E65: 162600 | F65: 0.59908542
B66: Elmira (IEM) | C66: IEM | D66: 104761.52 | E66: 95100 | F66: 1.1015933
B67: London (ILD) | C67: ILD | D67: 123279.51 | E67: 192700 | F67: 0.63974837
B68: Parkhill (IPH) | C68: IPH | D68: 56887.12 | E68: 45150 | F68: 1.2599584
B69: Pine Grove (IPG) | C69: IPG | D69: 42416.41 | E69: 165100 | F69: 0.25691345
B70: Royal Oak (IRO) | C70: IRO | D70: 291554.43 | E70: 206750 | F70: 1.4101786
B71: Trilogy (ITL) | C71: ITL | D71: 723612.6 | E71: 667900 | F71: 1.0834146
B72: Regency | D72: 2235932.6 | E72: 2581300 | F72: 0.86620407
B73: Brant (RBR) | C73: RBR | D73: 178964.84 | E73: 230300 | F73: 0.7770944
B74: Glen Oaks (RGO) | C74: RGO | D74: 313563.23 | E74: 308400 | F74: 1.016742
B75: Wenleigh (RWL) | C75: RWL | D75: 240544.88 | E75: 203500 | F75: 1.1820387
B76: Westbury (RWB) | C76: RWB | D76: 283373.03 | E76: 321900 | F76: 0.88031386
B77: West Williams (RWW) | C77: RWW | D77: 237430.76 | E77: 502499.96 | F77: 0.47249906
B78: Willowgrove (RWG) | C78: RWG | D78: 269091.78 | E78: 225200 | F78: 1.1949013
B79: Woodhaven (RWH) | C79: RWH | D79: 289701.39 | E79: 544900 | F79: 0.53165974
B80: Samac (RSM) | C80: RSM | D80: 423262.65 | E80: 244600.04 | F80: 1.7304276

Sheet Dec
B2: Actual | C2: CL | D2: GL | E2: MN | F2: OM | G2: VV | H2: HC | I2: SW | J2: ST | K2: SP | L2: SG | M2: WH | N2: BCM | O2: CPL | P2: MOM | Q2: MIM | R2: SR | S2: BBC | T2: BJP | U2: BMT | V2: BMC | W2: BMR | X2: BRV | Y2: BST | Z2: BGW | AA2: BHR | AB2: BJB | AC2: BLV | AD2: BRC | AE2: BSD | AF2: BCT | AG2: BMS | AH2: IAM | AI2: IAR | AJ2: IEM | AK2: ILD | AL2: IPG | AM2: IPH | AN2: IRO | AO2: ITL | AP2: RBR | AQ2: RGO | AR2: RSM | AS2: RWB | AT2: RWG | AU2: RWH | AV2: RWL | AW2: RWW | AX2: MGS | AY2: MBC | AZ2: MCG | BA2: MQG | BB2: MRG | BC2: MVF
B3: Sick Time | C3: 4056 | D3: 48747 | E3: 60629 | F3: 3512 | G3: 13925 | H3: 4666 | I3: 33943 | J3: 64046 | K3: 87605 | L3: 13459 | M3: 48284 | N3: 17818 | O3: 5821 | P3: 6844 | Q3: 12592 | R3: 718 | S3: 21942 | T3: 15412 | U3: 24683 | V3: 42266 | W3: 20719 | X3: 23502 | Y3: 13632 | Z3: 27776 | AA3: 26136 | AB3: 22554 | AC3: 14447 | AD3: 44260 | AE3: 7175 | AF3: 84 | AG3: 89 | AH3: 6531 | AI3: 34849 | AJ3: 14889 | AK3: 9056 | AL3: 26720 | AM3: 11845 | AN3: 18452 | AO3: 33481 | AP3: 36123 | AQ3: 33269 | AR3: 29992 | AS3: 34250 | AT3: 19799 | AU3: 28733 | AV3: 29213 | AW3: 36523 | AX3: 38131 | AY3: 37666 | BA3: 25386 | BB3: 20878 | BC3: 19776
B4: Overtime | C4: 360 | D4: 11752 | E4: 28810 | F4: 1325 | G4: 11982 | H4: 870 | I4: 15819 | J4: 5785 | K4: 11262 | L4: 15144 | M4: 9865 | N4: 28696 | O4: 16003 | P4: 8413 | Q4: 31561 | R4: 0 | S4: 16812 | T4: 4115 | U4: 5756 | V4: 4445 | W4: 6530 | X4: 10694 | Y4: 5253 | Z4: 72719 | AA4: 22690 | AB4: 25104 | AC4: 15438 | AD4: 15286 | AE4: 6579 | AF4: 0 | AG4: 0 | AH4: 15505 | AI4: 109412 | AJ4: 34076 | AK4: 31456 | AL4: 53644 | AM4: 21152 | AN4: 32888 | AO4: 96260 | AP4: 83885 | AQ4: 38376 | AR4: 108343 | AS4: 55940 | AT4: 92001 | AU4: 113949 | AV4: 63716 | AW4: 14597 | AX4: 39973 | AY4: 194481 | BA4: 39908 | BB4: 8501 | BC4: 93128
B5: Purchased Hours (- Added Care for AB only) | C5: 0 | D5: 857 | E5: 31403 | F5: 0 | G5: 7406 | H5: 422681 | I5: 0 | J5: 1361.77 | K5: 6440.99 | L5: 0 | M5: 35086.66 | N5: 37596.51 | O5: 58882.89 | P5: 86844.39 | Q5: 172470.24 | R5: 524404.28 | S5: 3544 | T5: 673 | U5: 376 | V5: 884 | W5: 0 | X5: 0 | Y5: 0 | Z5: 147914 | AA5: 165497 | AB5: 170424 | AC5: 267760 | AD5: 22615 | AE5: 51836 | AF5: 856859 | AG5: 865770 | AH5: 24312 | AI5: 175642 | AJ5: 25658 | AK5: 41981 | AL5: 118638 | AM5: 85270 | AN5: 91622 | AO5: 225065 | AP5: 361943 | AQ5: 59969 | AR5: 298206 | AS5: 151081 | AT5: 54754 | AU5: 238657 | AV5: 63347 | AW5: 29998 | AX5: 295356 | AY5: 188541 | BA5: 127504 | BB5: 47738 | BC5: 334250
B6: 6500 + 6600 SUPPLIES (- Added Care AB Only) | C6: 1135 | D6: 50028 | E6: 90741 | F6: 983 | G6: 12126 | H6: 12806 | I6: 25484 | J6: 25273 | K6: 72939 | L6: 2923 | M6: 47142 | N6: 23174 | O6: 15028 | P6: 9475 | Q6: 20302 | R6: 18054 | S6: 34615 | T6: 26450 | U6: 40584 | V6: 57572 | W6: 12081 | X6: 22205 | Y6: 30855 | Z6: 24395 | AA6: 30373 | AB6: 27197 | AC6: 41898 | AD6: 49473 | AE6: 8742 | AF6: 39230 | AG6: 42555 | AH6: 12487 | AI6: 171666 | AJ6: 59649 | AK6: 69007 | AL6: 91440 | AM6: 63504 | AN6: 101212 | AO6: 93466 | AP6: 69310 | AQ6: 44154 | AR6: 39143 | AS6: 90570 | AT6: 219878 | AU6: 134994 | AV6: 67383 | AW6: 20963 | AX6: 116981 | AY6: 81020 | BA6: 80029 | BB6: 23401 | BC6: 50011
B7: Repairs & Maintenance | C7: 21580 | D7: 25386 | E7: 54909 | F7: 12699 | G7: 8629 | H7: 58908 | I7: 44482 | J7: 52428 | K7: 130546 | L7: 37166 | M7: 45540 | N7: 39265 | O7: 11125 | P7: 14112 | Q7: 51627 | R7: 36512 | S7: 23056 | T7: 29621 | U7: 33992 | V7: 15082 | W7: 20760 | X7: 16842 | Y7: 17145 | Z7: 47201 | AA7: 32223 | AB7: 20135 | AC7: 22946 | AD7: 56098 | AE7: 34791 | AF7: 43242 | AG7: 25214 | AH7: 20871 | AI7: 296277 | AJ7: 48597 | AK7: 132028 | AL7: 136395 | AM7: 31197 | AN7: 120154 | AO7: 399336 | AP7: 135862 | AQ7: 99374 | AR7: 46754 | AS7: 73853 | AT7: -116668 | AU7: 146360 | AV7: 106417 | AW7: 35830 | AX7: 118445 | AY7: 39968 | BA7: 67404 | BB7: 40160 | BC7: 83046
A8: From capex data below | B8: CapEx | I8: 0.81556374 | J8: 0.7908535 | K8: 1.5741189 | L8: 0.40172727 | M8: 1.35294 | N8: - | O8: - | P8: 14.466937 | Q8: 1.036057 | R8: 1.3911978 | S8: 1.0240488 | T8: 1.1513417 | U8: 0.89038446 | V8: 1.6728317 | W8: 1.1948909 | X8: 0.30255406 | Y8: 1.0323662 | Z8: 1.8327874 | AA8: 1.790951 | AB8: 4.703213 | AC8: 5.9449019 | AD8: 0.59770713 | AE8: 1.1328191 | AF8: 7.1335308 | AG8: 1.4933947 | AH8: 0.62059434 | AI8: 1.5382019 | AJ8: 1.3119233 | AK8: 0.72512522 | AL8: 0.41444403 | AM8: 1.5737878 | AN8: 1.4847715 | AO8: 1.2268999 | AP8: 1.5939218 | AQ8: 1.0271705 | AR8: 1.7434427 | AS8: 0.90841367 | AT8: 1.8365839 | AU8: 0.54250187 | AV8: 1.3285526 | AW8: 0.74597855
A9: ON only | B9: Supplies (not funded) | AH9: 3080 | AI9: 20827 | AJ9: 9294 | AK9: 6803 | AL9: 4841 | AM9: 3248 | AN9: 11241 | AO9: 11843 | AP9: 11094 | AQ9: 10020 | AR9: 7011 | AS9: 7167 | AT9: 9508 | AU9: 7876 | AV9: 12110 | AW9: 6362 | AX9: 10254 | AY9: 23550 | BA9: 8363 | BB9: 5501 | BC9: 9695
B11: Dic Budget | C11: CL | D11: GL | E11: MN | F11: OM | G11: VV | H11: HC | I11: SW | J11: ST | K11: SP | L11: SG | M11: WH | N11: BCM | O11: CPL | P11: MOM | Q11: MIM | R11: SR | S11: BBC | T11: BJP | U11: BMT | V11: BMC | W11: BMR | X11: BRV | Y11: BST | Z11: BGW | AA11: BHR | AB11: BJB | AC11: BLV | AD11: BRC | AE11: BSD | AF11: BCT | AG11: BMS | AH11: IAM | AI11: IAR | AJ11: IEM | AK11: ILD | AL11: IPG | AM11: IPH | AN11: IRO | AO11: ITL | AP11: RBR | AQ11: RGO | AR11: RSM | AS11: RWB | AT11: RWG | AU11: RWH | AV11: RWL | AW11: RWW | AX11: MGS | AY11: MBC | AZ11: MCG | BA11: MQG | BB11: MRG | BC11: MVF
B12: Sick Time | I12: 21266 | J12: 41068 | K12: 65972 | L12: 10648 | M12: 39233 | N12: 17127 | O12: 8995 | P12: 7927 | Q12: 19241 | R12: 254 | S12: 11690 | T12: 9666 | U12: 14370 | V12: 14875 | W12: 8793 | X12: 10297 | Y12: 12419 | Z12: 9877 | AA12: 10263 | AB12: 8900 | AC12: 15327 | AD12: 16720 | AE12: 3530 | AF12: 0 | AG12: 413 | AH12: 7427 | AI12: 27948 | AJ12: 6930 | AK12: 13699 | AL12: 14541 | AM12: 9235 | AN12: 22221 | AO12: 25160 | AP12: 22646 | AQ12: 23663 | AR12: 24258 | AS12: 26400 | AT12: 22132 | AU12: 24545 | AV12: 21860 | AW12: 21523 | AX12: 22456 | AY12: 31726 | BA12: 18752 | BB12: 20275 | BC12: 23178
B13: Overtime | I13: 4247 | J13: 2169 | K13: 6840 | L13: 3191 | M13: 4191 | N13: 31845 | O13: 5223 | P13: 7604 | Q13: 31531 | R13: 0 | S13: 3688 | T13: 6938 | U13: 2020 | V13: 2317 | W13: 2885 | X13: 3576 | Y13: 2271 | Z13: 67234 | AA13: 57109 | AB13: 26031 | AC13: 38746 | AD13: 49773 | AE13: 8192 | AF13: 0 | AG13: 0 | AH13: 3059 | AI13: 9474 | AJ13: 2054 | AK13: 4973 | AL13: 5001 | AM13: 3220 | AN13: 7959 | AO13: 8651 | AP13: 9350 | AQ13: 8651 | AR13: 8830 | AS13: 9645 | AT13: 8154 | AU13: 10074 | AV13: 7619 | AW13: 8635 | AX13: 8342 | AY13: 10954 | BA13: 6644 | BB13: 7191 | BC13: 8361
A14: (thrid party staffing for ACIL 'Budget' tab) | B14: Purchased Hours | I14: 0 | J14: 1600 | K14: 2695 | L14: 1600 | M14: 1667 | N14: 92380 | O14: 151245 | P14: 83550 | Q14: 240875 | R14: 510386 | S14: 0 | T14: 0 | U14: 0 | V14: 0 | W14: 0 | X14: 6000 | Y14: 0 | Z14: 96859 | AA14: 137700 | AB14: 190691 | AC14: 224504 | AD14: 60704 | AE14: 75720 | AF14: 791946 | AG14: 899738 | AH14: 7679 | AI14: 34220 | AJ14: 5581 | AK14: 11781 | AL14: 12140 | AM14: 7920 | AN14: 28338 | AO14: 24400 | AP14: 21608 | AQ14: 21651 | AR14: 21032 | AS14: 26178 | AT14: 26810 | AU14: 23815 | AV14: 22135 | AW14: 19504 | AX14: 25869 | AY14: 37541 | BA14: 16294 | BB14: 15961 | BC14: 20101
B15: 6500 + 6500 SUPPLIES | I15: 24870 | J15: 33564 | K15: 61726 | L15: 3825 | M15: 37727 | N15: 19171 | O15: 13282 | P15: 8872 | Q15: 24761 | R15: 18210 | S15: 34578 | T15: 27392 | U15: 38577 | V15: 43430 | W15: 18770 | X15: 19708 | Y15: 30371 | Z15: 17086 | AA15: 21612 | AB15: 19504 | AC15: 26990 | AD15: 26140 | AE15: 7141 | AF15: 18125 | AG15: 25456 | AH15: 5910 | AI15: 18263 | AJ15: -722 | AK15: 16816 | AL15: 8126 | AM15: 17105 | AN15: 59868 | AO15: 60315 | AP15: 28730 | AQ15: 49045 | AR15: 44728 | AS15: 33167 | AT15: 67034 | AU15: 30383 | AV15: 6439 | AW15: 22723 | AX15: 44519 | AY15: 73117 | BA15: 26179 | BB15: 27760 | BC15: 38272
B16: Repairs & Maintenance | C16: 10845 | D16: 34296 | E16: 53426 | F16: 9000 | G16: 13383 | H16: 26341 | I16: 16910 | J16: 42400 | K16: 45796 | L16: 9125 | M16: 27722 | N16: 24762 | O16: 17494 | P16: 11595 | Q16: 19042 | R16: 33868 | S16: 24110 | T16: 17612 | U16: 27117 | V16: 14350 | W16: 17215 | X16: 12668 | Y16: 20248 | Z16: 17880 | AA16: 19378 | AB16: 16827 | AC16: 15970 | AD16: 19358 | AE16: 12167 | AF16: 17505 | AG16: 20740 | AH16: 7861 | AI16: 17681 | AJ16: 14291 | AK16: 10145 | AL16: 12633 | AM16: 4408 | AN16: 13503 | AO16: 18894 | AP16: 12630 | AQ16: 14064 | AR16: 14830 | AS16: 14614 | AT16: 14080 | AU16: 17355 | AV16: 9593 | AW16: 13047 | AX16: 35955 | AY16: 45832 | BA16: 9272 | BB16: 9990 | BC16: 26594
A17: ON only | B17: Supplies (not funded) | AH17: 3266 | AI17: 8980 | AJ17: 4723 | AK17: 4847 | AL17: 4898 | AM17: 3266 | AN17: 8164 | AO17: 10052 | AP17: 8929 | AQ17: 8572 | AR17: 8776 | AS17: 9542 | AT17: 8623 | AU17: 10091 | AV17: 8363 | AW17: 7673 | AX17: 10360 | AY17: 11442 | BA17: 7267 | BB17: 7267 | BC17: 9705
B19: Variance | I19: SW | J19: ST | K19: SP | L19: SG | M19: WH | N19: BCM | O19: CPL | P19: MOM | Q19: MIM | R19: SR | S19: BBC | T19: BJP | U19: BMT | V19: BMC | W19: BMR | X19: BRV | Y19: BST | Z19: BGW | AA19: BHR | AB19: BJB | AC19: BLV | AD19: BRC | AE19: BSD | AF19: BCT | AG19: BMS | AH19: IAM | AI19: IAR | AJ19: IEM | AK19: ILD | AL19: IPG | AM19: IPH | AN19: IRO | AO19: ITL | AP19: RBR | AQ19: RGO | AR19: RSM | AS19: RWB | AT19: RWG | AU19: RWH | AV19: RWL | AW19: RWW | AX19: MGS | AY19: MBC | AZ19: MCG | BA19: MQG | BB19: MRG | BC19: MVF
B20: Sick Time | I20: -12677 | J20: -22978 | K20: -21633 | L20: -2811 | M20: -9051 | N20: -691 | O20: 3174 | P20: 1083 | Q20: 6649 | R20: -464 | S20: -10252 | T20: -5746 | U20: -10313 | V20: -27391 | W20: -11926 | X20: -13205 | Y20: -1213 | Z20: -17899 | AA20: -15873 | AB20: -13654 | AC20: 880 | AD20: -27540 | AE20: -3645 | AF20: -84 | AG20: 324 | AH20: 896 | AI20: -6901 | AJ20: -7959 | AK20: 4643 | AL20: -12179 | AM20: -2610 | AN20: 3769 | AO20: -8321 | AP20: -13477 | AQ20: -9606 | AR20: -5734 | AS20: -7850 | AT20: 2333 | AU20: -4188 | AV20: -7353 | AW20: -15000 | AX20: -15675 | AY20: -5940 | AZ20: 0 | BA20: -6634 | BB20: -603 | BC20: 3402
B21: Overtime | I21: -11572 | J21: -3616 | K21: -4422 | L21: -11953 | M21: -5674 | N21: 3149 | O21: -10780 | P21: -809 | Q21: -30 | R21: 0 | S21: -13124 | T21: 2823 | U21: -3736 | V21: -2128 | W21: -3645 | X21: -7118 | Y21: -2982 | Z21: -5485 | AA21: 34419 | AB21: 927 | AC21: 23308 | AD21: 34487 | AE21: 1613 | AF21: 0 | AG21: 0 | AH21: -12446 | AI21: -99938 | AJ21: -32022 | AK21: -26483 | AL21: -48643 | AM21: -17932 | AN21: -24929 | AO21: -87609 | AP21: -74535 | AQ21: -29725 | AR21: -99513 | AS21: -46295 | AT21: -83847 | AU21: -103875 | AV21: -56097 | AW21: -5962 | AX21: -31631 | AY21: -183527 | AZ21: 0 | BA21: -33264 | BB21: -1310 | BC21: -84767
B22: Purchased Hours | I22: 0 | J22: 238.23 | K22: -3745.99 | L22: 1600 | M22: -33419.66 | N22: 54783.49 | O22: 92362.11 | P22: -3294.39 | Q22: 68404.76 | R22: -14018.28 | S22: -3544 | T22: -673 | U22: -376 | V22: -884 | W22: 0 | X22: 6000 | Y22: 0 | Z22: -51055 | AA22: -27797 | AB22: 20267 | AC22: -43256 | AD22: 38089 | AE22: 23884 | AF22: -64913 | AG22: 33968 | AH22: -16633 | AI22: -141422 | AJ22: -20077 | AK22: -30200 | AL22: -106498 | AM22: -77350 | AN22: -63284 | AO22: -200665 | AP22: -340335 | AQ22: -38318 | AR22: -277174 | AS22: -124903 | AT22: -27944 | AU22: -214842 | AV22: -41212 | AW22: -10494 | AX22: -269487 | AY22: -151000 | AZ22: 0 | BA22: -111210 | BB22: -31777 | BC22: -314149
B23: 6500 + 6500 SUPPLIES | I23: -614 | J23: 8291 | K23: -11213 | L23: 902 | M23: -9415 | N23: -4003 | O23: -1746 | P23: -603 | Q23: 4459 | R23: 156 | S23: -37 | T23: 942 | U23: -2007 | V23: -14142 | W23: 6689 | X23: -2497 | Y23: -484 | Z23: -7309 | AA23: -8761 | AB23: -7693 | AC23: -14908 | AD23: -23333 | AE23: -1601 | AF23: -21105 | AG23: -17099 | AH23: -6577 | AI23: -153403 | AJ23: -60371 | AK23: -52191 | AL23: -83314 | AM23: -46399 | AN23: -41344 | AO23: -33151 | AP23: -40580 | AQ23: 4891 | AR23: 5585 | AS23: -57403 | AT23: -152844 | AU23: -104611 | AV23: -60944 | AW23: 1760 | AX23: -72462 | AY23: -7903 | AZ23: 0 | BA23: -53850 | BB23: 4359 | BC23: -11739
B24: Repairs & Maintenance | C24: -10735 | D24: 8910 | E24: -1483 | F24: -3699 | G24: 4754 | H24: -32567 | I24: -27572 | J24: -10028 | K24: -84750 | L24: -28041 | M24: -17818 | N24: -14503 | O24: 6369 | P24: -2517 | Q24: -32585 | R24: -2644 | S24: 1054 | T24: -12009 | U24: -6875 | V24: -732 | W24: -3545 | X24: -4174 | Y24: 3103 | Z24: -29321 | AA24: -12845 | AB24: -3308 | AC24: -6976 | AD24: -36740 | AE24: -22624 | AF24: -25737 | AG24: -4474 | AH24: -13010 | AI24: -278596 | AJ24: -34306 | AK24: -121883 | AL24: -123762 | AM24: -26789 | AN24: -106651 | AO24: -380442 | AP24: -123232 | AQ24: -85310 | AR24: -31924 | AS24: -59239 | AT24: 130748 | AU24: -129005 | AV24: -96824 | AW24: -22783 | AX24: -82490 | AY24: 5864 | AZ24: 0 | BA24: -58132 | BB24: -30170 | BC24: -56452
B25: Supplies (not funded) | AH25: 186 | AI25: -11847 | AJ25: -4571 | AK25: -1956 | AL25: 57 | AM25: 18 | AN25: -3077 | AO25: -1791 | AP25: -2165 | AQ25: -1448 | AR25: 1765 | AS25: 2375 | AT25: -885 | AU25: 2215 | AV25: -3747 | AW25: 1311 | AX25: 106 | AY25: -12108 | AZ25: 0 | BA25: -1096 | BB25: 1766 | BC25: 10
B27: Compared to last | C27: CL | D27: GL | E27: MN | F27: OM | G27: VV | H27: HC | I27: SW | J27: ST | K27: SP | L27: SG | M27: WH | N27: BCM | O27: CPL | P27: MOM | Q27: MIM | R27: SR | S27: BBC | T27: BJP | U27: BMT | V27: BMC | W27: BMR | X27: BRV | Y27: BST | Z27: BGW | AA27: BHR | AB27: BJB | AC27: BLV | AD27: BRC | AE27: BSD | AF27: BCT | AG27: BMS | AH27: IAM | AI27: IAR | AJ27: IEM | AK27: ILD | AL27: IPG | AM27: IPH | AN27: IRO | AO27: ITL | AP27: RBR | AQ27: RGO | AR27: RSM | AS27: RWB | AT27: RWG | AU27: RWH | AV27: RWL | AW27: RWW | AX27: MGS | AY27: MBC | AZ27: MCG | BA27: MQG | BB27: MRG | BC27: MVF
B28: Sick Time | C28: 2543 | D28: -13034 | E28: -17736 | F28: -677 | G28: -3658 | H28: -4669 | I28: -1569 | J28: -15765 | K28: -4600 | L28: 288 | M28: 4221 | N28: -8856 | O28: 4903 | P28: -4401 | Q28: 3035 | R28: -660 | S28: -8718 | T28: -2258 | U28: -5941 | V28: -21881 | W28: 5390 | X28: -3466 | Y28: 5587 | Z28: -13796 | AA28: -4841 | AB28: -3148 | AC28: 7075 | AD28: -268 | AE28: 662 | AF28: -145 | AG28: -33 | AH28: 327 | AI28: -3489 | AJ28: -4834 | AK28: 3395 | AL28: 5106 | AM28: -10661 | AN28: 8778 | AO28: 127 | AP28: 4160 | AQ28: -5977 | AR28: -2358 | AS28: 2111 | AT28: -3441 | AU28: -5580 | AV28: -8315 | AW28: 1873 | AX28: -13836 | AY28: -7750 | AZ28: 0 | BA28: -4985 | BB28: -23 | BC28: 5803
B29: Overtime | C29: 1075 | D29: -4246 | E29: -22378 | F29: -464 | G29: -5181 | H29: -481 | I29: -4335 | J29: -3459 | K29: 883 | L29: -11948 | M29: -940 | N29: -4222 | O29: -7736 | P29: 853 | Q29: -446 | R29: 0 | S29: -4797 | T29: -1995 | U29: -2362 | V29: -736 | W29: 354 | X29: -168 | Y29: -122 | Z29: 14107 | AA29: -9346 | AB29: -136 | AC29: 855 | AD29: -2042 | AE29: 3235 | AF29: 0 | AG29: 0 | AH29: 10921 | AI29: 732 | AJ29: -22208 | AK29: 14514 | AL29: -25345 | AM29: 2147 | AN29: -9397 | AO29: 18439 | AP29: -10368 | AQ29: -8389 | AR29: 43267 | AS29: -20030 | AT29: -15604 | AU29: 14135 | AV29: 6953 | AW29: 19890 | AX29: 19602 | AY29: 53903 | AZ29: 0 | BA29: 6943 | BB29: 4752 | BC29: 26344
B30: Purchased Hours | C30: 0 | D30: 856.6 | E30: -42962.9 | F30: 0 | G30: -5804 | H30: 20113 | I30: 0 | J30: 8427.23 | K30: -5785.99 | L30: 0 | M30: -29371.66 | N30: 29392.49 | O30: 60421.11 | P30: 7832.61 | Q30: -18785.24 | R30: -17707.28 | S30: -3544 | T30: -673 | U30: -376 | V30: 1768 | W30: 0 | X30: 0 | Y30: 0 | Z30: 801 | AA30: -31653 | AB30: 5492 | AC30: 15343 | AD30: -14996 | AE30: -1914 | AF30: 16895 | AG30: -616688 | AH30: -1189 | AI30: -8475 | AJ30: 4421 | AK30: 63946 | AL30: 39841 | AM30: -51265 | AN30: -20682 | AO30: -59389 | AP30: -173574 | AQ30: 9986 | AR30: -104447 | AS30: 48760 | AT30: 41705 | AU30: -186823 | AV30: -4018 | AW30: 959 | AX30: -236991 | AY30: -128270 | AZ30: 0 | BA30: -34897 | BB30: -6703 | BC30: -231199
B31: Supplies | C31: -731 | D31: -3776 | E31: -37664 | F31: 160 | G31: -2323 | H31: 6275 | I31: -5472 | J31: 3980 | K31: -7969 | L31: 1167 | M31: -10025 | N31: -13241 | O31: -5800 | P31: -2344 | Q31: -8015 | R31: -965 | S31: 2187 | T31: -4435 | U31: -6829 | V31: -18338 | W31: 1875 | X31: -10417 | Y31: -1400 | Z31: -9566 | AA31: -7902 | AB31: -5657 | AC31: -17416 | AD31: -31091 | AE31: -2172 | AF31: -16540 | AG31: -23237 | AH31: -1287 | AI31: -137671 | AJ31: -15845 | AK31: 15572 | AL31: -28380 | AM31: -13293 | AN31: -80088 | AO31: 48367 | AP31: 99647 | AQ31: -22551 | AR31: -12804 | AS31: -57401 | AT31: -92503 | AU31: -15366 | AV31: 77159 | AW31: 1913 | AX31: -83746 | AY31: -32197 | AZ31: 0 | BA31: -62406 | BB31: 2571 | BC31: -12620
B32: Repairs & Maintenance | C32: -14809 | D32: 1300 | E32: -19112 | F32: -6536 | G32: -528 | H32: -22396 | I32: -30899 | J32: 36834 | K32: -66955 | L32: -17296 | M32: 9029 | N32: -13438 | O32: 4586 | P32: -6720 | Q32: -40120 | R32: -5704 | S32: 9070 | T32: -13974 | U32: -2312 | V32: -3046 | W32: 2894 | X32: -2834 | Y32: 13381 | Z32: -26785 | AA32: -18662 | AB32: 3728 | AC32: 14493 | AD32: -42968 | AE32: -24833 | AF32: -24286 | AG32: -5083 | AH32: -14325 | AI32: -231825 | AJ32: 48196 | AK32: -111766 | AL32: -50976 | AM32: -26234 | AN32: -56920 | AO32: -313161 | AP32: 49038 | AQ32: -82296 | AR32: -11189 | AS32: -55411 | AT32: 388956 | AU32: -53882 | AV32: 29221 | AW32: -23285 | AX32: -101883 | AY32: 35255 | AZ32: 0 | BA32: 311 | BB32: 46119 | BC32: -43466
D35: TOTAL SPEND to Date 2025 | E35: Budget (FY) 2025 | K35: YTD Spend | M35: Left Dollars
B36: Bloom | D36: 2903768.4 | E36: 2656400 | F36: 1.0931217 | J36: ACIL
B37: AgeCare Bow Crest | C37: BBC | D37: 95390.15 | E37: 93150 | F37: 1.0240488 | J37: Aster AB | K37: 876531.18 | L37: 1029750 | M37: 153218.82
B38: AgeCare Jasper Place | C38: BJP | D38: 85256.85 | E38: 74050 | F38: 1.1513417 | J38: Aster BC | K38: 338290.08 | L38: 244947.04 | M38: -93343.04
B39: AgeCare McKenzie Towne | C39: BMT | D39: 430233.77 | E39: 483200 | F39: 0.89038446 | J39: Bloom AB | K39: 1159670.2 | L39: 1372900 | M39: 213229.84
B40: AgeCare Miller Crossing | C40: BMC | D40: 248666.43 | E40: 148650 | F40: 1.6728317 | J40: Bloom BC | K40: 1744098.3 | L40: 1283500 | M40: -460598.25
B41: AgeCare Mount Royal | C41: BMR | D41: 89796.05 | E41: 75150 | F41: 1.1948909 | J41: Iris | K41: 1871421.6 | L41: 1691400 | M41: -180021.64
B42: AgeCare Riverview | C42: BRV | D42: 126240.68 | E42: 417250 | F42: 0.30255406 | J42: Regency | K42: 2757146.7 | L42: 2581300 | M42: -175846.69
B43: AgeCare South Terrace | C43: BST | D43: 84086.23 | E43: 81450 | F43: 1.0323662 | J43: Managed | K43: 0
B44: AgeCare Carlton | C44: BCT | D44: 27820.77 | E44: 3900 | F44: 7.1335308
B45: AgeCare Glenwarren | C45: BGW | D45: 304700.9 | E45: 166250 | F45: 1.8327874
B46: AgeCare Holyrood | C46: BHR | D46: 131455.8 | E46: 73400 | F46: 1.790951
B47: AgeCare James Bay | C47: BJB | D47: 304297.88 | E47: 64700 | F47: 4.703213
B48: AgeCare Lakeview | C48: BLV | D48: 396227.71 | E48: 66650 | F48: 5.9449019
B49: AgeCare Malaspina | C49: BMS | D49: 19712.81 | E49: 13200 | F49: 1.4933947
B50: AgeCare Royal City | C50: BRC | D50: 507602.78 | E50: 849250 | F50: 0.59770713
B51: AgeCare Sandringham | C51: BSD | D51: 52279.6 | E51: 46150 | F51: 1.1328191
B52: Aster | D52: 1214821.3 | E52: 1274697 | F52: 0.95302744
B53: AgeCare Brandt's Creek Mews | C53: BCM | D53: 681.98 | E53: - | F53: -
B54: AgeCare Cariboo Place | C54: CPL | D54: 14433.63 | E54: - | F54: -
B55: AgeCare Monashee Mews | C55: MOM | D55: 43400.81 | E55: 3000 | F55: 14.466937
B56: AgeCare Mount Ida Mews | C56: MIM | D56: 165769.12 | E56: 160000 | F56: 1.036057
B57: AgeCare Sun Rivers | C57: SR | D57: 114004.54 | E57: 81947.04 | F57: 1.3911978
B58: AgeCare Sagewood | C58: SW | D58: 89508.12 | E58: 109750 | F58: 0.81556374
B59: AgeCare Seton | C59: ST | D59: 342044.14 | E59: 432500 | F59: 0.7908535
B60: AgeCare SkyPointe | C60: SP | D60: 110109.62 | E60: 69950 | F60: 1.5741189
B61: AgeCare Sunrise Gardens | C61: SG | D61: 97157.74 | E61: 241850 | F61: 0.40172727
B62: AgeCare Walden Heights | C62: WH | D62: 237711.56 | E62: 175700 | F62: 1.35294
B63: Iris | D63: 1871421.6 | E63: 1691400 | F63: 1.1064335
B64: Aurora (IAR) | C64: IAR | D64: 240113.32 | E64: 156100 | F64: 1.5382019
B65: Aylmer (IAM) | C65: IAM | D65: 100908.64 | E65: 162600 | F65: 0.62059434
B66: Elmira (IEM) | C66: IEM | D66: 124763.91 | E66: 95100 | F66: 1.3119233
B67: London (ILD) | C67: ILD | D67: 139731.63 | E67: 192700 | F67: 0.72512522
B68: Parkhill (IPH) | C68: IPH | D68: 71056.52 | E68: 45150 | F68: 1.5737878
B69: Pine Grove (IPG) | C69: IPG | D69: 68424.71 | E69: 165100 | F69: 0.41444403
B70: Royal Oak (IRO) | C70: IRO | D70: 306976.5 | E70: 206750 | F70: 1.4847715
B71: Trilogy (ITL) | C71: ITL | D71: 819446.41 | E71: 667900 | F71: 1.2268999
B72: Regency | D72: 2757146.7 | E72: 2581300 | F72: 1.0681233
B73: Brant (RBR) | C73: RBR | D73: 367080.19 | E73: 230300 | F73: 1.5939218
B74: Glen Oaks (RGO) | C74: RGO | D74: 316779.38 | E74: 308400 | F74: 1.0271705
B75: Wenleigh (RWL) | C75: RWL | D75: 270360.45 | E75: 203500 | F75: 1.3285526
B76: Westbury (RWB) | C76: RWB | D76: 292418.36 | E76: 321900 | F76: 0.90841367
B77: West Williams (RWW) | C77: RWW | D77: 374854.19 | E77: 502499.96 | F77: 0.74597855
B78: Willowgrove (RWG) | C78: RWG | D78: 413598.7 | E78: 225200 | F78: 1.8365839
B79: Woodhaven (RWH) | C79: RWH | D79: 295609.27 | E79: 544900 | F79: 0.54250187
B80: Samac (RSM) | C80: RSM | D80: 426446.15 | E80: 244600.04 | F80: 1.7434427

Sheet Jan 26
BE1: Arbutus
B2: Actual | C2: CL | D2: GL | E2: MN | F2: OM | G2: VV | H2: HC | I2: SW | J2: ST | K2: SP | L2: SG | M2: WH | N2: BCM | O2: CPL | P2: MOM | Q2: MIM | R2: SR | S2: BBC | T2: BJP | U2: BMT | V2: BMC | W2: BMR | X2: BRV | Y2: BST | Z2: BGW | AA2: BHR | AB2: BJB | AC2: BLV | AD2: BRC | AE2: BSD | AF2: BCT | AG2: BMS | AH2: IAM | AI2: IAR | AJ2: IEM | AK2: ILD | AL2: IPG | AM2: IPH | AN2: IRO | AO2: ITL | AP2: RBR | AQ2: RGO | AR2: RSM | AS2: RWB | AT2: RWG | AU2: RWH | AV2: RWL | AW2: RWW | AX2: MGS | AY2: MBC | AZ2: MCG | BA2: MQG | BB2: MRG | BC2: MVF | BE2: MAC
B3: Sick Time | C3: 2612 | D3: 39142 | E3: 38539 | F3: 3807 | G3: 7100 | H3: 2715 | I3: 15865 | J3: 32600 | K3: 64571 | L3: 17958 | M3: 32411 | N3: 5461 | O3: 4116 | P3: 5263 | Q3: 16288 | R3: 2103 | S3: 23070.41 | T3: 28050.6 | U3: 27812.43 | V3: 67575.3 | W3: 28498.28 | X3: 28731.63 | Y3: 40688.92 | Z3: 44196.58 | AA3: 19284.52 | AB3: 27813.3 | AC3: 35159.89 | AD3: 63115.44 | AE3: 10548.92 | AF3: -4.36 | AG3: 698.01 | AH3: 10927.9 | AI3: 21967.19 | AJ3: 12487.47 | AK3: 12379.98 | AL3: 22866.13 | AM3: 1866.9 | AN3: 21660.65 | AO3: 25022.96 | AP3: 20363.32 | AQ3: 24497.02 | AR3: 27278.78 | AS3: 31642.03 | AT3: 47108.27 | AU3: 21213.7 | AV3: 29580.78 | AW3: 31325.91 | AX3: 34405.39 | AY3: 36660.54 | BA3: 18152.06 | BB3: 13825.83 | BC3: 21998.05 | BE3: 40632
B4: Overtime | C4: 1362 | D4: 359 | E4: 11575 | F4: 3647 | G4: -494 | H4: -65 | I4: 9992 | J4: 2743 | K4: 8675 | L4: 39004 | M4: 3928 | N4: 32882 | O4: 15586 | P4: 7184 | Q4: 33482 | R4: 0 | S4: 10528.45 | T4: 5482.62 | U4: 8265.4 | V4: 11988.46 | W4: 10028.24 | X4: 12775.16 | Y4: 16396.28 | Z4: 116707.27 | AA4: 15901.19 | AB4: 37600.33 | AC4: 30624.4 | AD4: 16103.74 | AE4: 10318.61 | AF4: 0 | AG4: 0 | AH4: 21876.55 | AI4: 117639.75 | AJ4: 19993.18 | AK4: 32288.98 | AL4: 29188.94 | AM4: 19254.58 | AN4: 26910.38 | AO4: 126000.26 | AP4: 84504.61 | AQ4: 44922.02 | AR4: 136160.02 | AS4: 45627.57 | AT4: 92335.26 | AU4: 130277.49 | AV4: 62921.95 | AW4: 32300.61 | AX4: 56537.93 | AY4: 291763.47 | BA4: 17286.65 | BB4: 19212.51 | BC4: 115194.56 | BE4: 78388
B5: Purchased Hours (- Added Care for AB only) | C5: 0 | D5: 0 | E5: 29385 | F5: 0 | G5: 11323 | H5: 438375 | I5: 0 | J5: 1796 | K5: 13433 | L5: 0 | M5: 5949 | N5: 41837 | O5: 36204 | P5: 63556 | Q5: 70937 | R5: 599648 | S5: 0 | T5: 3571.07 | U5: 0 | V5: 0 | W5: 5805.6 | X5: 0 | Y5: 0 | Z5: 83492.93 | AA5: 139505.62 | AB5: 182459.42 | AC5: 221599.31 | AD5: 16843.75 | AE5: 45231.03 | AF5: 829568.37 | AG5: 870472.67 | AH5: 24447.19 | AI5: 109959.5 | AJ5: 15462.54 | AK5: 72735.19 | AL5: 61190.89 | AM5: 46002.18 | AN5: 77477.65 | AO5: 181538.61 | AP5: 210010.01 | AQ5: 39108.7 | AR5: 147693.3 | AS5: 126076.48 | AT5: 46291.96 | AU5: 121220.43 | AV5: 44900.04 | AW5: 34501.05 | AX5: 115831.79 | AY5: 177201.4 | BA5: 46966.31 | BB5: 54433.26 | BC5: 147902.31 | BE5: 183247
B6: 6500 + 6600 SUPPLIES (- Added Care AB Only) | C6: 646 | D6: 42092 | E6: 63395 | F6: 2340 | G6: 6225 | H6: 17305 | I6: 24071 | J6: 13317 | K6: 64314 | L6: 3919 | M6: 39561 | N6: 23950 | O6: 9412 | P6: 5915 | Q6: 17494 | R6: 9434 | S6: 26979.9 | T6: 26518.89 | U6: 32944.69 | V6: 26290 | W6: 13324.71 | X6: 14104.78 | Y6: 26815.16 | Z6: 17838.43 | AA6: 20120 | AB6: 15437.14 | AC6: 20692.33 | AD6: 31846.33 | AE6: 6630.02 | AF6: 18185.16 | AG6: 26946.34 | AH6: 10529.67 | AI6: 27381.01 | AJ6: 3476.01 | AK6: 30072.71 | AL6: 11365.18 | AM6: 24269.8 | AN6: 14813.42 | AO6: 30373.26 | AP6: 12560.18 | AQ6: 19581.24 | AR6: 27220.28 | AS6: 22442.74 | AT6: 31733.52 | AU6: 26324.96 | AV6: 15197.06 | AW6: 20784.72 | AX6: 31949.9 | AY6: 75362.29 | BA6: -2686.07 | BB6: 22854.59 | BC6: 39649.76 | BE6: 33720
B7: Repairs & Maintenance | C7: 7323 | D7: 15786 | E7: 41615 | F7: 10140 | G7: 19418 | H7: 36080 | I7: 7552 | J7: 21582 | K7: 22199 | L7: 37621 | M7: 45360 | N7: 8534 | O7: 9237 | P7: 15046 | Q7: 14498 | R7: 34077 | S7: 29401.83 | T7: 10813.27 | U7: 28233.6 | V7: 12866.57 | W7: 27078.64 | X7: 7727.89 | Y7: 15374.04 | Z7: 30716.44 | AA7: 22772.04 | AB7: 13566.99 | AC7: 6222.61 | AD7: 5165.88 | AE7: 9826.81 | AF7: 22895.47 | AG7: 5495.45 | AH7: 39843.91 | AI7: 29081.35 | AJ7: 25721.96 | AK7: 43153.18 | AL7: 40641.62 | AM7: 20774.81 | AN7: 24463.52 | AO7: 26508.54 | AP7: 26321.71 | AQ7: 56016.2 | AR7: 24382.51 | AS7: 10864.2 | AT7: 59647.37 | AU7: 12576.81 | AV7: 45095.19 | AW7: 20435.28 | AX7: 128823.86 | AY7: 44413.76 | BA7: 26029.35 | BB7: 18821.4 | BC7: 28421.03 | BE7: 18155
A8: From capex data below | B8: CapEx | I8: 0 | J8: 1.2510409 | K8: 0.15344573 | L8: 0 | M8: 0.67427704 | N8: -0.015248997 | O8: 0 | P8: 0.068014333 | Q8: -0.083646383 | R8: 0.094288885 | S8: 0 | T8: 0.24597218 | U8: 0.0053066368 | V8: 0.07532348 | W8: 0 | X8: 0 | Y8: 0.42418456 | Z8: -0.012853498 | AA8: 0.0038559746 | AB8: -0.015191495 | AC8: -0.010770385 | AD8: -0.24548605 | AE8: 0.021676136 | AF8: 0.078260643 | AG8: 0 | AH8: 0 | AI8: 0 | AJ8: 0 | AK8: 0 | AL8: 0 | AM8: 0 | AN8: 0 | AO8: 0 | AP8: 0 | AQ8: 0 | AR8: 0 | AS8: 0 | AT8: 0 | AU8: 0 | AV8: 0 | AW8: 0
A9: ON only | B9: Supplies (not funded) | AH9: 3367.13 | AI9: 13664.14 | AJ9: 2458.55 | AK9: 5676.98 | AL9: 3281.36 | AM9: 2147.28 | AN9: 7998.21 | AO9: 7457.74 | AP9: 7562.24 | AQ9: 6966.96 | AR9: 9560 | AS9: 5412.63 | AT9: 13222.4 | AU9: 10607.63 | AV9: 6543.27 | AW9: 7809.62 | AX9: 9338.62 | AY9: 15821.92 | BA9: 7471.63 | BB9: 9538.6 | BC9: 8111.04
B11: Jan Budget | C11: CL | D11: GL | E11: MN | F11: OM | G11: VV | H11: HC | I11: SW | J11: ST | K11: SP | L11: SG | M11: WH | N11: BCM | O11: CPL | P11: MOM | Q11: MIM | R11: SR | S11: BBC | T11: BJP | U11: BMT | V11: BMC | W11: BMR | X11: BRV | Y11: BST | Z11: BGW | AA11: BHR | AB11: BJB | AC11: BLV | AD11: BRC | AE11: BSD | AF11: BCT | AG11: BMS | AH11: IAM | AI11: IAR | AJ11: IEM | AK11: ILD | AL11: IPG | AM11: IPH | AN11: IRO | AO11: ITL | AP11: RBR | AQ11: RGO | AR11: RSM | AS11: RWB | AT11: RWG | AU11: RWH | AV11: RWL | AW11: RWW | AX11: MGS | AY11: MBC | AZ11: MCG | BA11: MQG | BB11: MRG | BC11: MVF | BE11: MAC
B12: Sick Time | I12: 26267 | J12: 46123 | K12: 80654 | L12: 12232 | M12: 43580 | N12: 17058 | O12: 6739 | P12: 7686 | Q12: 20221 | R12: 282 | S12: 15682.96 | T12: 16800.35 | U12: 19633.23 | V12: 28104.9 | W12: 19352.18 | X12: 17519.66 | Y12: 18612.34 | Z12: 15533.82 | AA12: 20537.52 | AB12: 17565.44 | AC12: 18905.77 | AD12: 23047.48 | AE12: 3985.75 | AF12: 0 | AG12: 34.8 | AH12: 9893.15 | AI12: 38766.51 | AJ12: 12745.51 | AK12: 8076.46 | AL12: 23058.12 | AM12: 7608.16 | AN12: 16367.98 | AO12: 22672.77 | AP12: 21714.61 | AQ12: 20795.16 | AR12: 21500.2 | AS12: 26128.11 | AT12: 21813.32 | AU12: 22298.16 | AV12: 20246.25 | AW12: 20057.77 | AX12: 28092.12 | AY12: 28049.76 | BA12: 20333.38 | BB12: 17370.19 | BC12: 23336.69 | BE12: 27161
B13: Overtime | I13: 4379 | J13: 2252 | K13: 7035 | L13: 3405 | M13: 4262 | N13: 32503 | O13: 4867 | P13: 5627 | Q13: 53047 | R13: 0 | S13: 3516.18 | T13: 6602.47 | U13: 2009.77 | V13: 2490.39 | W13: 3970.12 | X13: 3255.63 | Y13: 2474.45 | Z13: 74801.09 | AA13: 22729.41 | AB13: 25225.74 | AC13: 21203.98 | AD13: 19026.37 | AE13: 6501.25 | AF13: 0 | AG13: 0 | AH13: 3345.0809 | AI13: 8506.9836 | AJ13: 1988.0567 | AK13: 5187.794 | AL13: 5054.5558 | AM13: 3372.6286 | AN13: 8204.1096 | AO13: 9107.7418 | AP13: 9059.4548 | AQ13: 8470.181 | AR13: 8456.6484 | AS13: 9581.2258 | AT13: 8465.2858 | AU13: 9883.7647 | AV13: 7478.6196 | AW13: 8481.1318 | AX13: 8049.1877 | AY13: 11384.651 | BA13: 6493.88 | BB13: 7156.0732 | BC13: 8172.3408 | BE13: 46478
A14: (thrid party staffing for ACIL 'Budget' tab) | B14: Purchased Hours | I14: 0 | J14: 1600 | K14: 2695 | L14: 1600 | M14: 1667 | N14: 18941 | O14: 56381 | P14: 56133 | Q14: 85402 | R14: 504597 | S14: 0 | T14: 0 | U14: 0 | V14: 0 | W14: 0 | X14: 4800 | Y14: 0 | Z14: 110563.26 | AA14: 153020.38 | AB14: 184378.76 | AC14: 220017.2 | AD14: 39769.25 | AE14: 72969.25 | AF14: 839573.67 | AG14: 912978.59 | AH14: 10999.75 | AI14: 41336.32 | AJ14: 7422.72 | AK14: 16708.34 | AL14: 12583.75 | AM14: 9789.07 | AN14: 28340.05 | AO14: 29608.84 | AP14: 24284.08 | AQ14: 22027.47 | AR14: 33447.62 | AS14: 23683.08 | AT14: 34143.57 | AU14: 24259.46 | AV14: 22676.87 | AW14: 25880.96 | AX14: 28315.43 | AY14: 30677.6 | BA14: 16477.5 | BB14: 16793.58 | BC14: 20192.78 | BE14: 184976
B15: 6500 + 6500 SUPPLIES | I15: 24304 | J15: 23905 | K15: 63707 | L15: 4153 | M15: 37913 | N15: 15544 | O15: 9644 | P15: 6843 | Q15: 18186 | R15: 16899 | S15: 32678 | T15: 24356.24 | U15: 33497.21 | V15: 39379.78 | W15: 20118.62 | X15: 19504.48 | Y15: 26359.59 | Z15: 20427.06 | AA15: 23802.64 | AB15: 20953.82 | AC15: 28797.03 | AD15: 29196.89 | AE15: 6901.06 | AF15: 19675.05 | AG15: 25554.53 | AH15: 7359.98 | AI15: 72923.32 | AJ15: 51596.4 | AK15: 13737.27 | AL15: 4930.88 | AM15: 9200.94 | AN15: 22402.7 | AO15: 73816.58 | AP15: 25815.3 | AQ15: 19086.01 | AR15: 25748.54 | AS15: 37802.14 | AT15: 31039.04 | AU15: 48306.6 | AV15: 18309.64 | AW15: 14959.8 | AX15: 13736.14 | AY15: 34273.51 | BA15: 26250.87 | BB15: 24963.22 | BC15: 15604.93 | BE15: 34771
B16: Repairs & Maintenance | C16: 7745 | D16: 26836 | E16: 44121 | F16: 9000 | G16: 13327 | H16: 26341 | I16: 34730 | J16: 41497 | K16: 57250 | L16: 10000 | M16: 40313 | N16: 26172 | O16: 17569 | P16: 12599 | Q16: 22202 | R16: 34018 | S16: 27585 | T16: 19092.34 | U16: 28556.06 | V16: 21305 | W16: 17990.75 | X16: 18815.33 | Y16: 20571 | Z16: 20385 | AA16: 23483.25 | AB16: 18182 | AC16: 25100.8 | AD16: 19892 | AE16: 10941 | AF16: 20565 | AG16: 21625 | AH16: 15387.57 | AI16: 52345.46 | AJ16: 27521.42 | AK16: 22439.85 | AL16: 24252.41 | AM16: 15515.73 | AN16: 27158.15 | AO16: 39467.97 | AP16: 36616.83 | AQ16: 31924.08 | AR16: 30590.41 | AS16: 25730.11 | AT16: 30711.52 | AU16: 39197.14 | AV16: 27356.97 | AW16: 33078.11 | AX16: 42739.41 | AY16: 37527.07 | BA16: 25911.93 | BB16: 24699.01 | BC16: 38709.14 | BE16: 23589
A17: ON only | B17: Supplies (not funded) | AH17: 4655.79 | AI17: 14533.35 | AJ17: 10927.04 | AK17: 5966.12 | AL17: 6753.54 | AM17: 3821.92 | AN17: 9822.37 | AO17: 12596.93 | AP17: 11465.75 | AQ17: 9955.94 | AR17: 12446.69 | AS17: 12388.51 | AT17: 10871.23 | AU17: 12060.27 | AV17: 10191.79 | AW17: 8917.81 | AX17: 14705.16 | AY17: 16241.52 | BA17: 10124.64 | BB17: 10124.64 | BC17: 11962.22
B19: Variance | I19: SW | J19: ST | K19: SP | L19: SG | M19: WH | N19: BCM | O19: CPL | P19: MOM | Q19: MIM | R19: SR | S19: BBC | T19: BJP | U19: BMT | V19: BMC | W19: BMR | X19: BRV | Y19: BST | Z19: BGW | AA19: BHR | AB19: BJB | AC19: BLV | AD19: BRC | AE19: BSD | AF19: BCT | AG19: BMS | AH19: IAM | AI19: IAR | AJ19: IEM | AK19: ILD | AL19: IPG | AM19: IPH | AN19: IRO | AO19: ITL | AP19: RBR | AQ19: RGO | AR19: RSM | AS19: RWB | AT19: RWG | AU19: RWH | AV19: RWL | AW19: RWW | AX19: MGS | AY19: MBC | AZ19: MCG | BA19: MQG | BB19: MRG | BC19: MVF
B20: Sick Time | I20: 10402 | J20: 13523 | K20: 16083 | L20: -5726 | M20: 11169 | N20: 11597 | O20: 2623 | P20: 2423 | Q20: 3933 | R20: -1821 | S20: -7387.45 | T20: -11250.25 | U20: -8179.2 | V20: -39470.4 | W20: -9146.1 | X20: -11211.97 | Y20: -22076.58 | Z20: -28662.76 | AA20: 1253 | AB20: -10247.86 | AC20: -16254.12 | AD20: -40067.96 | AE20: -6563.17 | AF20: 4.36 | AG20: -663.21 | AH20: -1034.75 | AI20: 16799.32 | AJ20: 258.04 | AK20: -4303.52 | AL20: 191.99 | AM20: 5741.26 | AN20: -5292.67 | AO20: -2350.19 | AP20: 1351.29 | AQ20: -3701.86 | AR20: -5778.58 | AS20: -5513.92 | AT20: -25294.95 | AU20: 1084.46 | AV20: -9334.53 | AW20: -11268.14 | AX20: -6313.27 | AY20: -8610.78 | AZ20: 0 | BA20: 2181.32 | BB20: 3544.36 | BC20: 1338.64 | BE20: -13471
B21: Overtime | I21: -5613 | J21: -491 | K21: -1640 | L21: -35599 | M21: 334 | N21: -379 | O21: -10719 | P21: -1557 | Q21: 19565 | R21: 0 | S21: -7012.27 | T21: 1119.85 | U21: -6255.63 | V21: -9498.07 | W21: -6058.12 | X21: -9519.53 | Y21: -13921.83 | Z21: -41906.18 | AA21: 6828.22 | AB21: -12374.59 | AC21: -9420.42 | AD21: 2922.63 | AE21: -3817.36 | AF21: 0 | AG21: 0 | AH21: -18531.469 | AI21: -109132.77 | AJ21: -18005.123 | AK21: -27101.186 | AL21: -24134.384 | AM21: -15881.951 | AN21: -18706.27 | AO21: -116892.52 | AP21: -75445.155 | AQ21: -36451.839 | AR21: -127703.37 | AS21: -36046.344 | AT21: -83869.974 | AU21: -120393.73 | AV21: -55443.33 | AW21: -23819.478 | AX21: -48488.742 | AY21: -280378.82 | AZ21: 0 | BA21: -10792.77 | BB21: -12056.437 | BC21: -107022.22 | BE21: -31910
B22: Purchased Hours | I22: 0 | J22: -196 | K22: -10738 | L22: 1600 | M22: -4282 | N22: -22896 | O22: 20177 | P22: -7423 | Q22: 14465 | R22: -95051 | S22: 0 | T22: -3571.07 | U22: 0 | V22: 0 | W22: -5805.6 | X22: 4800 | Y22: 0 | Z22: 27070.33 | AA22: 13514.76 | AB22: 1919.34 | AC22: -1582.11 | AD22: 22925.5 | AE22: 27738.22 | AF22: 10005.3 | AG22: 42505.92 | AH22: -13447.44 | AI22: -68623.18 | AJ22: -8039.82 | AK22: -56026.85 | AL22: -48607.14 | AM22: -36213.11 | AN22: -49137.6 | AO22: -151929.77 | AP22: -185725.93 | AQ22: -17081.23 | AR22: -114245.68 | AS22: -102393.4 | AT22: -12148.39 | AU22: -96960.97 | AV22: -22223.17 | AW22: -8620.09 | AX22: -87516.36 | AY22: -146523.8 | AZ22: 0 | BA22: -30488.81 | BB22: -37639.68 | BC22: -127709.53 | BE22: 1729
B23: 6500 + 6500 SUPPLIES | I23: 233 | J23: 10588 | K23: -607 | L23: 234 | M23: -1648 | N23: -8406 | O23: 232 | P23: 928 | Q23: 692 | R23: 7465 | S23: 5698.1 | T23: -2162.65 | U23: 552.52 | V23: 13089.78 | W23: 6793.91 | X23: 5399.7 | Y23: -455.57 | Z23: 2588.63 | AA23: 3682.64 | AB23: 5516.68 | AC23: 8104.7 | AD23: -2649.44 | AE23: 271.04 | AF23: 1489.89 | AG23: -1391.81 | AH23: -3169.69 | AI23: 45542.31 | AJ23: 48120.39 | AK23: -16335.44 | AL23: -6434.3 | AM23: -15068.86 | AN23: 7589.28 | AO23: 43443.32 | AP23: 13255.12 | AQ23: -495.23 | AR23: -1471.74 | AS23: 15359.4 | AT23: -694.48 | AU23: 21981.64 | AV23: 3112.58 | AW23: -5824.92 | AX23: -18213.76 | AY23: -41088.78 | AZ23: 0 | BA23: 28936.94 | BB23: 2108.63 | BC23: -24044.83 | BE23: 1051
B24: Repairs & Maintenance | C24: 422 | D24: 11050 | E24: 2506 | F24: -1140 | G24: -6091 | H24: -9739 | I24: 27178 | J24: 19915 | K24: 35051 | L24: -27621 | M24: -5047 | N24: 17638 | O24: 8332 | P24: -2447 | Q24: 7704 | R24: -59 | S24: -1816.83 | T24: 8279.07 | U24: 322.46 | V24: 8438.43 | W24: -9087.89 | X24: 11087.44 | Y24: 5196.96 | Z24: -10331.44 | AA24: 711.21 | AB24: 4615.01 | AC24: 18878.19 | AD24: 14726.12 | AE24: 1114.19 | AF24: -2330.47 | AG24: 16129.55 | AH24: -24456.34 | AI24: 23264.11 | AJ24: 1799.46 | AK24: -20713.33 | AL24: -16389.21 | AM24: -5259.08 | AN24: 2694.63 | AO24: 12959.43 | AP24: 10295.12 | AQ24: -24092.12 | AR24: 6207.9 | AS24: 14865.91 | AT24: -28935.85 | AU24: 26620.33 | AV24: -17738.22 | AW24: 12642.83 | AX24: -86084.45 | AY24: -6886.69 | AZ24: 0 | BA24: -117.42 | BB24: 5877.61 | BC24: 10288.11 | BE24: 5434
B25: Supplies (not funded) | AH25: 1288.66 | AI25: 869.21 | AJ25: 8468.49 | AK25: 289.14 | AL25: 3472.18 | AM25: 1674.64 | AN25: 1824.16 | AO25: 5139.19 | AP25: 3903.51 | AQ25: 2988.98 | AR25: 2886.69 | AS25: 6975.88 | AT25: -2351.17 | AU25: 1452.64 | AV25: 3648.52 | AW25: 1108.19 | AX25: 5366.54 | AY25: 419.6 | AZ25: 0 | BA25: 2653.01 | BB25: 586.04 | BC25: 3851.18
B27: Compared to last | C27: CL | D27: GL | E27: MN | F27: OM | G27: VV | H27: HC | I27: SW | J27: ST | K27: SP | L27: SG | M27: WH | N27: BCM | O27: CPL | P27: MOM | Q27: MIM | R27: SR | S27: BBC | T27: BJP | U27: BMT | V27: BMC | W27: BMR | X27: BRV | Y27: BST | Z27: BGW | AA27: BHR | AB27: BJB | AC27: BLV | AD27: BRC | AE27: BSD | AF27: BCT | AG27: BMS | AH27: IAM | AI27: IAR | AJ27: IEM | AK27: ILD | AL27: IPG | AM27: IPH | AN27: IRO | AO27: ITL | AP27: RBR | AQ27: RGO | AR27: RSM | AS27: RWB | AT27: RWG | AU27: RWH | AV27: RWL | AW27: RWW | AX27: MGS | AY27: MBC | AZ27: MCG | BA27: MQG | BB27: MRG | BC27: MVF
B28: Sick Time | C28: 1444 | D28: 9605 | E28: 22090 | F28: -295 | G28: 6825 | H28: 1951 | I28: 18078 | J28: 31446 | K28: 23034 | L28: -4499 | M28: 15873 | N28: 12357 | O28: 1705 | P28: 1581 | Q28: -3696 | R28: -1385 | S28: -1128.41 | T28: -12638.6 | U28: -3129.43 | V28: -25309.3 | W28: -7779.28 | X28: -5229.63 | Y28: -27056.92 | Z28: -16420.58 | AA28: 6851.48 | AB28: -5259.3 | AC28: -20712.89 | AD28: -18855.44 | AE28: -3373.92 | AF28: 88.36 | AG28: -609.01 | AH28: -4396.9 | AI28: 12881.81 | AJ28: 2401.53 | AK28: -3323.98 | AL28: 3853.87 | AM28: 9978.1 | AN28: -3208.65 | AO28: 8458.04 | AP28: 15759.68 | AQ28: 8771.98 | AR28: 2713.22 | AS28: 2607.97 | AT28: -27309.27 | AU28: 7519.3 | AV28: -367.78 | AW28: 5197.09 | AX28: 3725.61 | AY28: 1005.46 | AZ28: 0 | BA28: 7233.94 | BB28: 7052.17 | BC28: -2222.05
B29: Overtime | C29: -1002 | D29: 11393 | E29: 17235 | F29: -2322 | G29: 12476 | H29: 935 | I29: 5827 | J29: 3042 | K29: 2587 | L29: -23860 | M29: 5937 | N29: -4186 | O29: 417 | P29: 1229 | Q29: -1921 | R29: 0 | S29: 6283.55 | T29: -1367.62 | U29: -2509.4 | V29: -7543.46 | W29: -3498.24 | X29: -2081.16 | Y29: -11143.28 | Z29: -43988.27 | AA29: 6788.81 | AB29: -12496.33 | AC29: -15186.4 | AD29: -817.74 | AE29: -3739.61 | AF29: 0 | AG29: 0 | AH29: -6371.55 | AI29: -8227.75 | AJ29: 14082.82 | AK29: -832.98 | AL29: 24455.06 | AM29: 1897.42 | AN29: 5977.62 | AO29: -29740.26 | AP29: -619.61 | AQ29: -6546.02 | AR29: -27817.02 | AS29: 10312.43 | AT29: -334.26 | AU29: -16328.49 | AV29: 794.05 | AW29: -17703.61 | AX29: -16564.93 | AY29: -97282.47 | AZ29: 0 | BA29: 22621.35 | BB29: -10711.51 | BC29: -22066.56
B30: Purchased Hours | C30: 0 | D30: 857 | E30: 2018 | F30: 0 | G30: -3917 | H30: -15694 | I30: 0 | J30: -434.23 | K30: -6992.01 | L30: 0 | M30: 29137.66 | N30: -4240.49 | O30: 22678.89 | P30: 23288.39 | Q30: 101533.24 | R30: -75243.72 | S30: 3544 | T30: -2898.07 | U30: 376 | V30: 884 | W30: -5805.6 | X30: 0 | Y30: 0 | Z30: 64421.07 | AA30: 25991.38 | AB30: -12035.42 | AC30: 46160.69 | AD30: 5771.25 | AE30: 6604.97 | AF30: 27290.63 | AG30: -4702.67 | AH30: -135.19 | AI30: 65682.5 | AJ30: 10195.46 | AK30: -30754.19 | AL30: 57447.11 | AM30: 39267.82 | AN30: 14144.35 | AO30: 43526.39 | AP30: 151932.99 | AQ30: 20860.3 | AR30: 150512.7 | AS30: 25004.52 | AT30: 8462.04 | AU30: 117436.57 | AV30: 18446.96 | AW30: -4503.05 | AX30: 179524.21 | AY30: 11339.6 | AZ30: 0 | BA30: 80537.69 | BB30: -6695.26 | BC30: 186347.69
B31: Supplies | C31: 489 | D31: 7936 | E31: 27346 | F31: -1357 | G31: 5901 | H31: -4499 | I31: 1413 | J31: 11956 | K31: 8625 | L31: -996 | M31: 7581 | N31: -776 | O31: 5616 | P31: 3560 | Q31: 2808 | R31: 8620 | S31: 7635.1 | T31: -68.89 | U31: 7639.31 | V31: 31282 | W31: -1243.71 | X31: 8100.22 | Y31: 4039.84 | Z31: 6556.57 | AA31: 10253 | AB31: 11759.86 | AC31: 21205.67 | AD31: 17626.67 | AE31: 2111.98 | AF31: 21044.84 | AG31: 15608.66 | AH31: 1957.33 | AI31: 144284.99 | AJ31: 56172.99 | AK31: 38934.29 | AL31: 80074.82 | AM31: 39234.2 | AN31: 86398.58 | AO31: 63092.74 | AP31: 56749.82 | AQ31: 24572.76 | AR31: 11922.72 | AS31: 68127.26 | AT31: 188144.48 | AU31: 108669.04 | AV31: 52185.94 | AW31: 178.28 | AX31: 85031.1 | AY31: 5657.71 | AZ31: 0 | BA31: 82715.07 | BB31: 546.41 | BC31: 10361.24
B32: Repairs & Maintenance | C32: 14257 | D32: 9600 | E32: 13294 | F32: 2559 | G32: -10789 | H32: 22828 | I32: 36930 | J32: 30846 | K32: 108347 | L32: -455 | M32: 180 | N32: 30731 | O32: 1888 | P32: -934 | Q32: 37129 | R32: 2435 | S32: -6345.83 | T32: 18807.73 | U32: 5758.4 | V32: 2215.43 | W32: -6318.64 | X32: 9114.11 | Y32: 1770.96 | Z32: 16484.56 | AA32: 9450.96 | AB32: 6568.01 | AC32: 16723.39 | AD32: 50932.12 | AE32: 24964.19 | AF32: 20346.53 | AG32: 19718.55 | AH32: -18972.91 | AI32: 267195.65 | AJ32: 22875.04 | AK32: 88874.82 | AL32: 95753.38 | AM32: 10422.19 | AN32: 95690.48 | AO32: 372827.46 | AP32: 109540.29 | AQ32: 43357.8 | AR32: 22371.49 | AS32: 62988.8 | AT32: -176315.37 | AU32: 133783.19 | AV32: 61321.81 | AW32: 15394.72 | AX32: -10378.86 | AY32: -4445.76 | AZ32: 0 | BA32: 41374.65 | BB32: 21338.6 | BC32: 54624.97
D35: TOTAL SPEND to Date 2025 | E35: Budget (FY) 2025 | K35: YTD Spend | M35: Left Dollars
B36: Bloom | D36: 30841.58 | E36: 3783643 | F36: 0.0081512923 | J36: ACIL
B37: AgeCare Bow Crest | C37: BBC | D37: 0 | E37: 81000 | F37: 0 | J37: Aster AB | K37: 366004.67 | L37: 1191816.1 | M37: 825811.43
B38: AgeCare Jasper Place | C38: BJP | D38: 13528.47 | E38: 55000 | F38: 0.24597218 | J38: Aster BC | K38: 4274.78 | L38: 853000 | M38: 848725.22
B39: AgeCare McKenzie Towne | C39: BMT | D39: 3263.9 | E39: 615060 | F39: 0.0053066368 | J39: Bloom AB | K39: 88948.9 | L39: 1874073 | M39: 1785124.1
B40: AgeCare Miller Crossing | C40: BMC | D40: 43311.98 | E40: 575013 | F40: 0.07532348 | J40: Bloom BC | K40: -58107.32 | L40: 1909570 | M40: 1967677.3
B41: AgeCare Mount Royal | C41: BMR | D41: 0 | E41: 100000 | F41: 0 | J41: Iris | K41: 0 | L41: 1691400 | M41: 1691400
B42: AgeCare Riverview | C42: BRV | D42: 0 | E42: 380000 | F42: 0 | J42: Regency | K42: 0 | L42: 2581300 | M42: 2581300
B43: AgeCare South Terrace | C43: BST | D43: 28844.55 | E43: 68000 | F43: 0.42418456 | J43: Managed | K43: 0
B44: AgeCare Carlton | C44: BCT | D44: 6746.85 | E44: 86210 | F44: 0.078260643
B45: AgeCare Glenwarren | C45: BGW | D45: -3894.61 | E45: 303000 | F45: -0.012853498
B46: AgeCare Holyrood | C46: BHR | D46: 678.96 | E46: 176080 | F46: 0.0038559746
B47: AgeCare James Bay | C47: BJB | D47: -3769.01 | E47: 248100 | F47: -0.015191495
B48: AgeCare Lakeview | C48: BLV | D48: -6189.74 | E48: 574700 | F48: -0.010770385
B49: AgeCare Malaspina | C49: BMS | D49: 0 | E49: 52380 | F49: 0
B50: AgeCare Royal City | C50: BRC | D50: -56830.02 | E50: 231500 | F50: -0.24548605
B51: AgeCare Sandringham | C51: BSD | D51: 5150.25 | E51: 237600 | F51: 0.021676136
B52: Aster | D52: 370279.45 | E52: 2044816.1 | F52: 0.18108203
B53: AgeCare Brandt's Creek Mews | C53: BCM | D53: -8362.55 | E53: 548400 | F53: -0.015248997
B54: AgeCare Cariboo Place | C54: CPL | D54: 0 | E54: 6500 | F54: 0
B55: AgeCare Monashee Mews | C55: MOM | D55: 7573.6 | E55: 111353 | F55: 0.068014333
B56: AgeCare Mount Ida Mews | C56: MIM | D56: -5897.07 | E56: 70500 | F56: -0.083646383
B57: AgeCare Sun Rivers | C57: SR | D57: 10960.8 | E57: 116247 | F57: 0.094288885
B58: AgeCare Sagewood | C58: SW | D58: 0 | E58: 196468.71 | F58: 0
B59: AgeCare Seton | C59: ST | D59: 223871.09 | E59: 178947.86 | F59: 1.2510409
B60: AgeCare SkyPointe | C60: SP | D60: 24157.35 | E60: 157432.53 | F60: 0.15344573
B61: AgeCare Sunrise Gardens | C61: SG | D61: 0 | E61: 484000 | F61: 0
B62: AgeCare Walden Heights | C62: WH | D62: 117976.23 | E62: 174967 | F62: 0.67427704
B63: Iris | E63: 1691400 | F63: 0
B64: Aurora (IAR) | C64: IAR | E64: 156100 | F64: 0
B65: Aylmer (IAM) | C65: IAM | E65: 162600 | F65: 0
B66: Elmira (IEM) | C66: IEM | E66: 95100 | F66: 0
B67: London (ILD) | C67: ILD | E67: 192700 | F67: 0
B68: Parkhill (IPH) | C68: IPH | E68: 45150 | F68: 0
B69: Pine Grove (IPG) | C69: IPG | E69: 165100 | F69: 0
B70: Royal Oak (IRO) | C70: IRO | E70: 206750 | F70: 0
B71: Trilogy (ITL) | C71: ITL | E71: 667900 | F71: 0
B72: Regency | E72: 2581300 | F72: 0
B73: Brant (RBR) | C73: RBR | E73: 230300 | F73: 0
B74: Glen Oaks (RGO) | C74: RGO | E74: 308400 | F74: 0
B75: Wenleigh (RWL) | C75: RWL | E75: 203500 | F75: 0
B76: Westbury (RWB) | C76: RWB | E76: 321900 | F76: 0
B77: West Williams (RWW) | C77: RWW | E77: 502499.96 | F77: 0
B78: Willowgrove (RWG) | C78: RWG | E78: 225200 | F78: 0
B79: Woodhaven (RWH) | C79: RWH | E79: 544900 | F79: 0
B80: Samac (RSM) | C80: RSM | E80: 244600.04 | F80: 0

Sheet Feb 26
BE1: Arbutus
B2: Actual | C2: CL | D2: GL | E2: MN | F2: OM | G2: VV | H2: HC | I2: SW | J2: ST | K2: SP | L2: SG | M2: WH | N2: BCM | O2: CPL | P2: MOM | Q2: MIM | R2: SR | S2: BBC | T2: BJP | U2: BMT | V2: BMC | W2: BMR | X2: BRV | Y2: BST | Z2: BGW | AA2: BHR | AB2: BJB | AC2: BLV | AD2: BRC | AE2: BSD | AF2: BCT | AG2: BMS | AH2: IAM | AI2: IAR | AJ2: IEM | AK2: ILD | AL2: IPG | AM2: IPH | AN2: IRO | AO2: ITL | AP2: RBR | AQ2: RGO | AR2: RSM | AS2: RWB | AT2: RWG | AU2: RWH | AV2: RWL | AW2: RWW | AX2: MGS | AY2: MBC | AZ2: MCG | BA2: MQG | BB2: MRG | BC2: MVF | BE2: MAC
B3: Sick Time | C3: 4387.67 | D3: 40159.97 | E3: 59954.73 | F3: 2258.21 | G3: 3438.31 | H3: -624.66 | I3: 17964.74 | J3: 31392.9 | K3: 62672.05 | L3: 7648.73 | M3: 44173.5 | N3: 11630.88 | O3: 3498.1 | P3: 7833.5 | Q3: 15939.16 | R3: 1766.16 | S3: 21224 | T3: 25656 | U3: 21627 | V3: 34042 | W3: 17276 | X3: 22382 | Y3: 34363 | Z3: 23017 | AA3: 21512 | AB3: 20500 | AC3: 30892 | AD3: 44753 | AE3: 6642 | AF3: 372 | AG3: -20 | AH3: 13164 | AI3: 29233 | AJ3: 6615 | AK3: 8532 | AL3: 15281 | AM3: 4142 | AN3: 20068 | AO3: 21321 | AP3: 22474 | AQ3: 19132 | AR3: 16973 | AS3: 31086 | AT3: 11466 | AU3: 13298 | AV3: 24878 | AW3: 43009 | AX3: 10157 | AY3: 36395 | BA3: 17386 | BB3: 15789 | BC3: 20176 | BE3: 26004
B4: Overtime | C4: 58.81 | D4: 6928.06 | E4: 35227.08 | F4: 1453.87 | G4: 4571.56 | H4: 2.66 | I4: 6827.53 | J4: 1837.73 | K4: 8581 | L4: 9803.73 | M4: 4680.06 | N4: 35019.43 | O4: 28327.94 | P4: 10981.45 | Q4: 42285.11 | R4: 0 | S4: 6622 | T4: 1348 | U4: 8579 | V4: 6653 | W4: 6658 | X4: 12292 | Y4: 6235 | Z4: 78144 | AA4: 17521 | AB4: 25753 | AC4: 10685 | AD4: 16049 | AE4: 6917 | AF4: 0 | AG4: 0 | AH4: 18478 | AI4: 111537 | AJ4: 8252 | AK4: 19159 | AL4: 23578 | AM4: 19163 | AN4: 21614 | AO4: 95923 | AP4: 62903 | AQ4: 26268 | AR4: 116337 | AS4: 50837 | AT4: 69686 | AU4: 111798 | AV4: 68563 | AW4: 20822 | AX4: 32774 | AY4: 194607 | BA4: 6859 | BB4: 12515 | BC4: 97314 | BE4: 51915
B5: Purchased Hours (- Added Care for AB only, or - podiatry for ON only) | C5: 0 | D5: 567 | E5: 35706.6 | F5: 0 | G5: 4725.17 | H5: 399625 | I5: 0 | J5: 3413.75 | K5: 6670.44 | L5: 0 | M5: 3714.56 | N5: 27495.49 | O5: 25766.36 | P5: 22286.77 | Q5: 105600.51 | R5: 445265 | S5: 0 | T5: 2559 | U5: 0 | V5: 6500 | W5: 0 | X5: 0 | Y5: 352 | Z5: 102304 | AA5: 142207 | AB5: 150904 | AC5: 169853 | AD5: 48861 | AE5: 48579 | AF5: 713726 | AG5: 797478 | AH5: 32952 | AI5: 127590 | AJ5: 9889 | AK5: 39228 | AL5: 61471 | AM5: 52034 | AN5: 80321 | AO5: 154481 | AP5: 82505 | AQ5: 62517 | AR5: 307975 | AS5: 48460 | AT5: 40325 | AU5: 66596 | AV5: 186921 | AW5: 33776 | AX5: 41554 | AY5: 196356 | BA5: 16655 | BB5: 42481 | BC5: 423018 | BE5: 172483
B6: 6500 + 6600 SUPPLIES (- Added Care AB Only) | C6: 432.61 | D6: 50996.85 | E6: 76184.53 | F6: 793 | G6: 7189.61 | H6: 7871.47 | I6: 19345.37 | J6: 22334.52 | K6: 66295.35 | L6: 2816.73 | M6: 40552.64 | N6: 10337.76 | O6: 10486.01 | P6: 7540.35 | Q6: 15905.4 | R6: 14711.98 | S6: 26389 | T6: 19021 | U6: 31834 | V6: 42461 | W6: 13818 | X6: 13630 | Y6: 27468 | Z6: 16545 | AA6: 20425 | AB6: 20558 | AC6: 26412 | AD6: 13614 | AE6: 3667 | AF6: 9037 | AG6: -2763 | AH6: 14400 | AI6: -4330 | AJ6: -5124 | AK6: 7710 | AL6: 21363 | AM6: 10751 | AN6: 21556 | AO6: 48362 | AP6: -10007 | AQ6: 22404 | AR6: 36271 | AS6: 32982 | AT6: 16527 | AU6: -4765 | AV6: 14343 | AW6: 26047 | AX6: 28457 | AY6: 50958 | BA6: 14994 | BB6: 18449 | BC6: 31255 | BE6: 51345
